DATE,MinTemp,MaxTemp,AvgTemp,Sunrise,Sunset
2014-01-01,33.0,46.0,40.0,657,1756
2014-01-02,35.0,50.0,43.0,657,1756
2014-01-03,36.0,45.0,41.0,657,1757
2014-01-04,32.0,41.0,37.0,658,1757
2014-01-05,24.0,38.0,31.0,658,1758
2014-01-06,22.0,39.0,31.0,658,1759
2014-01-07,28.0,45.0,37.0,658,1759
2014-01-08,30.0,41.0,36.0,659,1800
2014-01-09,29.0,42.0,36.0,659,1801
2014-01-10,30.0,47.0,39.0,659,1801
2014-01-11,32.0,47.0,40.0,659,1802
2014-01-12,30.0,47.0,39.0,659,1803
2014-01-13,29.0,42.0,36.0,659,1803
2014-01-14,31.0,47.0,39.0,659,1804
2014-01-15,35.0,51.0,43.0,659,1804
2014-01-16,35.0,55.0,45.0,700,1805
2014-01-17,42.0,57.0,50.0,700,1806
2014-01-18,38.0,54.0,46.0,700,1806
2014-01-19,37.0,51.0,44.0,700,1807
2014-01-20,36.0,53.0,45.0,659,1808
2014-01-21,40.0,55.0,48.0,659,1808
2014-01-22,31.0,44.0,38.0,659,1809
2014-01-23,31.0,46.0,39.0,659,1810
2014-01-24,39.0,54.0,47.0,659,1810
2014-01-25,41.0,62.0,52.0,659,1811
2014-01-26,42.0,58.0,50.0,659,1811
2014-01-27,38.0,51.0,45.0,659,1812
2014-01-28,29.0,39.0,34.0,658,1813
2014-01-29,30.0,36.0,33.0,658,1813
2014-01-30,28.0,39.0,34.0,658,1814
2014-01-31,33.0,42.0,38.0,658,1814
2014-02-01,35.0,50.0,43.0,657,1815
2014-02-02,37.0,49.0,43.0,657,1816
2014-02-03,36.0,50.0,43.0,657,1816
2014-02-04,36.0,55.0,46.0,656,1817
2014-02-05,38.0,53.0,46.0,656,1817
2014-02-06,39.0,49.0,44.0,655,1818
2014-02-07,39.0,52.0,46.0,655,1818
2014-02-08,37.0,52.0,45.0,655,1819
2014-02-09,34.0,57.0,46.0,654,1819
2014-02-10,36.0,54.0,45.0,654,1820
2014-02-11,34.0,52.0,43.0,653,1820
2014-02-12,35.0,52.0,44.0,653,1821
2014-02-13,35.0,49.0,42.0,652,1821
2014-02-14,36.0,48.0,42.0,652,1822
2014-02-15,38.0,55.0,47.0,651,1822
2014-02-16,36.0,46.0,41.0,651,1823
2014-02-17,36.0,43.0,40.0,650,1823
2014-02-18,37.0,45.0,41.0,649,1823
2014-02-19,35.0,46.0,41.0,649,1824
2014-02-20,33.0,47.0,40.0,648,1824
2014-02-21,34.0,48.0,41.0,647,1825
2014-02-22,34.0,48.0,41.0,647,1825
2014-02-23,33.0,48.0,41.0,646,1825
2014-02-24,33.0,50.0,42.0,646,1826
2014-02-25,33.0,47.0,40.0,645,1826
2014-02-26,36.0,50.0,43.0,644,1827
2014-02-27,36.0,55.0,46.0,643,1827
2014-02-28,36.0,57.0,47.0,643,1827
2014-03-01,41.0,55.0,48.0,642,1828
2014-03-02,31.0,45.0,38.0,641,1828
2014-03-03,31.0,42.0,37.0,640,1828
2014-03-04,34.0,43.0,39.0,640,1829
2014-03-05,33.0,46.0,40.0,639,1829
2014-03-06,35.0,46.0,41.0,638,1829
2014-03-07,34.0,54.0,44.0,637,1830
2014-03-08,34.0,43.0,39.0,637,1830
2014-03-09,36.0,47.0,42.0,636,1830
2014-03-10,32.0,47.0,40.0,635,1831
2014-03-11,31.0,49.0,40.0,634,1831
2014-03-12,29.0,50.0,40.0,633,1831
2014-03-13,33.0,55.0,44.0,632,1832
2014-03-14,36.0,51.0,44.0,632,1832
2014-03-15,32.0,48.0,40.0,631,1832
2014-03-16,31.0,49.0,40.0,630,1832
2014-03-17,36.0,53.0,45.0,629,1833
2014-03-18,35.0,53.0,44.0,628,1833
2014-03-19,35.0,53.0,44.0,627,1833
2014-03-20,33.0,48.0,41.0,626,1833
2014-03-21,30.0,48.0,39.0,626,1834
2014-03-22,30.0,43.0,37.0,625,1834
2014-03-23,32.0,45.0,39.0,624,1834
2014-03-24,31.0,51.0,41.0,623,1834
2014-03-25,34.0,53.0,44.0,622,1835
2014-03-26,35.0,55.0,45.0,621,1835
2014-03-27,31.0,46.0,39.0,620,1835
2014-03-28,29.0,43.0,36.0,620,1835
2014-03-29,32.0,39.0,36.0,619,1836
2014-03-30,32.0,41.0,37.0,618,1836
2014-03-31,31.0,42.0,37.0,617,1836
2014-04-01,34.0,45.0,40.0,616,1836
2014-04-02,33.0,52.0,43.0,615,1837
2014-04-03,36.0,51.0,44.0,614,1837
2014-04-04,31.0,50.0,41.0,614,1837
2014-04-05,31.0,51.0,41.0,613,1838
2014-04-06,35.0,49.0,42.0,612,1838
2014-04-07,35.0,49.0,42.0,611,1838
2014-04-08,35.0,52.0,44.0,610,1838
2014-04-09,36.0,53.0,45.0,610,1839
2014-04-10,35.0,55.0,45.0,609,1839
2014-04-11,37.0,56.0,47.0,608,1839
2014-04-12,36.0,52.0,44.0,607,1839
2014-04-13,32.0,49.0,41.0,606,1840
2014-04-14,31.0,50.0,41.0,606,1840
2014-04-15,36.0,53.0,45.0,605,1840
2014-04-16,40.0,59.0,50.0,604,1841
2014-04-17,42.0,58.0,50.0,603,1841
2014-04-18,43.0,60.0,52.0,602,1841
2014-04-19,43.0,60.0,52.0,602,1841
2014-04-20,41.0,57.0,49.0,601,1842
2014-04-21,40.0,54.0,47.0,600,1842
2014-04-22,38.0,58.0,48.0,600,1842
2014-04-23,41.0,58.0,50.0,559,1843
2014-04-24,41.0,59.0,50.0,558,1843
2014-04-25,43.0,59.0,51.0,558,1843
2014-04-26,45.0,62.0,54.0,557,1844
2014-04-27,42.0,53.0,48.0,556,1844
2014-04-28,40.0,53.0,47.0,556,1844
2014-04-29,39.0,53.0,46.0,555,1845
2014-04-30,37.0,50.0,44.0,554,1845
2014-05-01,36.0,53.0,45.0,554,1845
2014-05-02,38.0,51.0,45.0,553,1846
2014-05-03,36.0,55.0,46.0,553,1846
2014-05-04,36.0,55.0,46.0,552,1846
2014-05-05,40.0,54.0,47.0,552,1847
2014-05-06,40.0,58.0,49.0,551,1847
2014-05-07,42.0,60.0,51.0,550,1847
2014-05-08,42.0,61.0,52.0,550,1848
2014-05-09,44.0,59.0,52.0,550,1848
2014-05-10,42.0,56.0,49.0,549,1849
2014-05-11,40.0,56.0,48.0,549,1849
2014-05-12,38.0,55.0,47.0,548,1849
2014-05-13,38.0,56.0,47.0,548,1850
2014-05-14,40.0,55.0,48.0,547,1850
2014-05-15,41.0,58.0,50.0,547,1851
2014-05-16,44.0,60.0,52.0,547,1851
2014-05-18,43.0,60.0,52.0,546,1852
2014-05-19,44.0,60.0,52.0,546,1852
2014-05-20,44.0,62.0,53.0,545,1853
2014-05-21,47.0,62.0,55.0,545,1853
2014-05-22,44.0,59.0,52.0,545,1853
2014-05-23,41.0,58.0,50.0,545,1854
2014-05-24,39.0,57.0,48.0,544,1854
2014-05-25,38.0,52.0,45.0,544,1855
2014-05-26,36.0,47.0,42.0,544,1855
2014-05-27,35.0,49.0,42.0,544,1855
2014-05-28,35.0,51.0,43.0,544,1856
2014-05-29,34.0,53.0,44.0,543,1856
2014-05-30,36.0,55.0,46.0,543,1856
2014-05-31,35.0,51.0,43.0,543,1857
2014-06-01,34.0,53.0,44.0,543,1857
2014-06-02,36.0,48.0,42.0,543,1858
2014-06-03,38.0,53.0,46.0,543,1858
2014-06-04,37.0,53.0,45.0,543,1858
2014-06-05,40.0,55.0,48.0,543,1859
2014-06-06,35.0,52.0,44.0,543,1859
2014-06-07,36.0,53.0,45.0,543,1859
2014-06-08,42.0,54.0,48.0,543,1900
2014-06-09,44.0,57.0,51.0,543,1900
2014-06-10,43.0,60.0,52.0,543,1900
2014-06-11,42.0,55.0,49.0,543,1901
2014-06-12,37.0,53.0,45.0,543,1901
2014-06-13,35.0,57.0,46.0,543,1901
2014-06-14,37.0,62.0,50.0,544,1902
2014-06-15,42.0,60.0,51.0,544,1902
2014-06-16,41.0,58.0,50.0,544,1902
2014-06-17,37.0,52.0,45.0,544,1902
2014-06-18,36.0,51.0,44.0,544,1903
2014-06-19,40.0,57.0,49.0,544,1903
2014-06-20,39.0,52.0,46.0,545,1903
2014-06-21,35.0,48.0,42.0,545,1903
2014-06-22,37.0,53.0,45.0,545,1904
2014-06-23,41.0,60.0,51.0,545,1904
2014-06-24,42.0,60.0,51.0,545,1904
2014-06-25,45.0,62.0,54.0,546,1904
2014-06-26,48.0,64.0,56.0,546,1904
2014-06-27,47.0,60.0,54.0,546,1904
2014-06-28,47.0,59.0,53.0,546,1905
2014-06-29,45.0,61.0,53.0,547,1905
2014-06-30,43.0,61.0,52.0,547,1905
2014-07-01,45.0,62.0,54.0,547,1905
2014-07-02,47.0,61.0,54.0,548,1905
2014-07-03,48.0,66.0,57.0,548,1905
2014-07-04,47.0,65.0,56.0,548,1905
2014-07-05,43.0,61.0,52.0,549,1905
2014-07-06,40.0,58.0,49.0,549,1905
2014-07-07,40.0,56.0,48.0,549,1905
2014-07-08,44.0,55.0,50.0,550,1905
2014-07-09,43.0,59.0,51.0,550,1905
2014-07-10,43.0,62.0,53.0,550,1905
2014-07-11,43.0,62.0,53.0,551,1905
2014-07-12,42.0,61.0,52.0,551,1905
2014-07-13,40.0,56.0,48.0,551,1904
2014-07-14,41.0,51.0,46.0,552,1904
2014-07-15,38.0,55.0,47.0,552,1904
2014-07-16,39.0,52.0,46.0,553,1904
2014-07-17,39.0,59.0,49.0,553,1904
2014-07-18,37.0,59.0,48.0,553,1904
2014-07-19,41.0,56.0,49.0,554,1903
2014-07-20,41.0,51.0,46.0,554,1903
2014-07-21,42.0,58.0,50.0,554,1903
2014-07-22,43.0,52.0,48.0,555,1902
2014-07-23,44.0,61.0,53.0,555,1902
2014-07-24,45.0,62.0,54.0,556,1902
2014-07-25,44.0,64.0,54.0,556,1901
2014-07-26,42.0,57.0,50.0,556,1901
2014-07-27,38.0,54.0,46.0,557,1901
2014-07-28,35.0,58.0,47.0,557,1900
2014-07-29,34.0,53.0,44.0,557,1900
2014-07-30,38.0,56.0,47.0,558,1859
2014-07-31,39.0,55.0,47.0,558,1859
2014-08-01,44.0,62.0,53.0,558,1859
2014-08-02,42.0,60.0,51.0,559,1858
2014-08-03,43.0,60.0,52.0,559,1858
2014-08-04,44.0,64.0,54.0,559,1857
2014-08-05,43.0,61.0,52.0,600,1857
2014-08-06,40.0,60.0,50.0,600,1856
2014-08-07,41.0,50.0,46.0,600,1855
2014-08-08,41.0,52.0,47.0,601,1855
2014-08-09,39.0,57.0,48.0,601,1854
2014-08-10,38.0,53.0,46.0,601,1854
2014-08-11,39.0,56.0,48.0,602,1853
2014-08-12,40.0,58.0,49.0,602,1852
2014-08-13,41.0,62.0,52.0,602,1852
2014-08-14,44.0,63.0,54.0,603,1851
2014-08-15,45.0,63.0,54.0,603,1850
2014-08-16,42.0,62.0,52.0,603,1850
2014-08-17,39.0,58.0,49.0,603,1849
2014-08-18,38.0,57.0,48.0,604,1848
2014-08-19,36.0,55.0,46.0,604,1848
2014-08-20,38.0,54.0,46.0,604,1847
2014-08-21,40.0,56.0,48.0,604,1846
2014-08-22,39.0,57.0,48.0,605,1845
2014-08-23,43.0,60.0,52.0,605,1845
2014-08-24,42.0,59.0,51.0,605,1844
2014-08-25,41.0,60.0,51.0,605,1843
2014-08-26,41.0,56.0,49.0,606,1842
2014-08-27,40.0,55.0,48.0,606,1841
2014-08-28,39.0,56.0,48.0,606,1841
2014-08-29,38.0,55.0,47.0,606,1840
2014-08-30,44.0,59.0,52.0,607,1839
2014-08-31,42.0,60.0,51.0,607,1838
2014-09-01,38.0,55.0,47.0,607,1837
2014-09-02,42.0,59.0,51.0,607,1836
2014-09-03,42.0,60.0,51.0,607,1836
2014-09-04,44.0,58.0,51.0,608,1835
2014-09-05,44.0,61.0,53.0,608,1834
2014-09-06,41.0,58.0,50.0,608,1833
2014-09-07,39.0,54.0,47.0,608,1832
2014-09-08,39.0,53.0,46.0,608,1831
2014-09-09,39.0,54.0,47.0,609,1830
2014-09-10,40.0,55.0,48.0,609,1829
2014-09-11,42.0,56.0,49.0,609,1828
2014-09-12,39.0,60.0,50.0,609,1828
2014-09-13,41.0,60.0,51.0,609,1827
2014-09-14,42.0,59.0,51.0,610,1826
2014-09-15,43.0,57.0,50.0,610,1825
2014-09-16,40.0,52.0,46.0,610,1824
2014-09-17,39.0,53.0,46.0,610,1823
2014-09-18,37.0,55.0,46.0,610,1822
2014-09-19,40.0,54.0,47.0,611,1821
2014-09-20,41.0,51.0,46.0,611,1820
2014-09-21,38.0,52.0,45.0,611,1819
2014-09-22,40.0,56.0,48.0,611,1819
2014-09-23,41.0,59.0,50.0,611,1818
2014-09-24,41.0,58.0,50.0,612,1817
2014-09-25,40.0,56.0,48.0,612,1816
2014-09-26,41.0,61.0,51.0,612,1815
2014-09-27,42.0,52.0,47.0,612,1814
2014-09-28,42.0,56.0,49.0,612,1813
2014-09-29,40.0,54.0,47.0,613,1812
2014-09-30,35.0,52.0,44.0,613,1811
2014-10-01,37.0,53.0,45.0,613,1811
2014-10-02,38.0,52.0,45.0,613,1810
2014-10-03,36.0,52.0,44.0,614,1809
2014-10-04,38.0,52.0,45.0,614,1808
2014-10-05,40.0,52.0,46.0,614,1807
2014-10-06,38.0,54.0,46.0,614,1806
2014-10-07,42.0,53.0,48.0,615,1805
2014-10-08,42.0,56.0,49.0,615,1805
2014-10-09,42.0,60.0,51.0,615,1804
2014-10-10,39.0,58.0,49.0,615,1803
2014-10-11,39.0,54.0,47.0,616,1802
2014-10-12,36.0,53.0,45.0,616,1801
2014-10-13,33.0,53.0,43.0,616,1801
2014-10-14,37.0,54.0,46.0,616,1800
2014-10-15,39.0,58.0,49.0,617,1759
2014-10-16,43.0,61.0,52.0,617,1758
2014-10-17,44.0,51.0,48.0,617,1758
2014-10-18,43.0,48.0,46.0,618,1757
2014-10-19,42.0,54.0,48.0,618,1756
2014-10-20,41.0,60.0,51.0,618,1755
2014-10-21,38.0,59.0,49.0,619,1755
2014-10-22,41.0,55.0,48.0,619,1754
2014-10-23,36.0,56.0,46.0,620,1753
2014-10-24,40.0,58.0,49.0,620,1753
2014-10-25,39.0,58.0,49.0,620,1752
2014-10-26,37.0,59.0,48.0,621,1752
2014-10-27,39.0,55.0,47.0,621,1751
2014-10-28,40.0,58.0,49.0,622,1750
2014-10-29,41.0,57.0,49.0,622,1750
2014-10-30,39.0,56.0,48.0,622,1749
2014-10-31,37.0,56.0,47.0,623,1749
2014-11-01,37.0,51.0,44.0,623,1748
2014-11-02,41.0,54.0,48.0,624,1748
2014-11-03,40.0,54.0,47.0,624,1747
2014-11-04,37.0,48.0,43.0,625,1747
2014-11-05,39.0,56.0,48.0,625,1746
2014-11-06,43.0,56.0,50.0,626,1746
2014-11-07,38.0,57.0,48.0,626,1746
2014-11-08,36.0,55.0,46.0,627,1745
2014-11-09,37.0,59.0,48.0,627,1745
2014-11-10,42.0,60.0,51.0,628,1745
2014-11-11,42.0,57.0,50.0,628,1744
2014-11-12,41.0,56.0,49.0,629,1744
2014-11-13,39.0,56.0,48.0,629,1744
2014-11-14,38.0,54.0,46.0,630,1743
2014-11-15,37.0,51.0,44.0,630,1743
2014-11-16,38.0,55.0,47.0,631,1743
2014-11-17,42.0,57.0,50.0,632,1743
2014-11-18,38.0,56.0,47.0,632,1743
2014-11-19,37.0,56.0,47.0,633,1743
2014-11-20,39.0,51.0,45.0,633,1742
2014-11-21,39.0,55.0,47.0,634,1742
2014-11-22,38.0,54.0,46.0,635,1742
2014-11-23,33.0,53.0,43.0,635,1742
2014-11-24,41.0,59.0,50.0,636,1742
2014-11-25,42.0,59.0,51.0,636,1742
2014-11-26,41.0,55.0,48.0,637,1742
2014-11-27,39.0,57.0,48.0,638,1742
2014-11-28,38.0,56.0,47.0,638,1742
2014-11-29,35.0,54.0,45.0,639,1742
2014-11-30,35.0,50.0,43.0,640,1742
2014-12-01,35.0,52.0,44.0,640,1743
2014-12-02,35.0,51.0,43.0,641,1743
2014-12-03,38.0,51.0,45.0,641,1743
2014-12-04,42.0,52.0,47.0,642,1743
2014-12-05,39.0,50.0,45.0,643,1743
2014-12-06,36.0,51.0,44.0,643,1743
2014-12-07,36.0,56.0,46.0,644,1744
2014-12-08,38.0,58.0,48.0,645,1744
2014-12-09,39.0,56.0,48.0,645,1744
2014-12-10,39.0,60.0,50.0,646,1745
2014-12-11,42.0,60.0,51.0,646,1745
2014-12-12,37.0,55.0,46.0,647,1745
2014-12-13,37.0,56.0,47.0,648,1746
2014-12-14,38.0,56.0,47.0,648,1746
2014-12-15,40.0,57.0,49.0,649,1746
2014-12-16,40.0,57.0,49.0,649,1747
2014-12-17,38.0,57.0,48.0,650,1747
2014-12-18,40.0,56.0,48.0,650,1748
2014-12-19,42.0,59.0,51.0,651,1748
2014-12-20,39.0,56.0,48.0,651,1749
2014-12-21,36.0,52.0,44.0,652,1749
2014-12-22,31.0,47.0,39.0,652,1750
2014-12-23,31.0,41.0,36.0,653,1750
2014-12-24,36.0,45.0,41.0,653,1751
2014-12-25,40.0,54.0,47.0,654,1751
2014-12-26,41.0,53.0,47.0,654,1752
2014-12-27,37.0,51.0,44.0,655,1752
2014-12-28,39.0,56.0,48.0,655,1753
2014-12-29,36.0,54.0,45.0,655,1753
2014-12-30,36.0,53.0,45.0,656,1754
2014-12-31,34.0,53.0,44.0,656,1755
2015-01-01,38.0,51.0,45.0,657,1756
2015-01-02,34.0,40.0,37.0,657,1756
2015-01-03,29.0,36.0,33.0,657,1757
2015-01-04,31.0,44.0,38.0,658,1757
2015-01-05,37.0,51.0,44.0,658,1758
2015-01-06,38.0,52.0,45.0,658,1759
2015-01-07,38.0,54.0,46.0,658,1759
2015-01-08,38.0,57.0,48.0,659,1800
2015-01-09,36.0,55.0,46.0,659,1801
2015-01-10,34.0,51.0,43.0,659,1801
2015-01-11,38.0,54.0,46.0,659,1802
2015-01-12,40.0,57.0,49.0,659,1803
2015-01-13,41.0,56.0,49.0,659,1803
2015-01-14,35.0,58.0,47.0,659,1804
2015-01-15,38.0,58.0,48.0,659,1804
2015-01-16,40.0,56.0,48.0,700,1805
2015-01-17,38.0,58.0,48.0,700,1806
2015-01-18,37.0,57.0,47.0,700,1806
2015-01-19,37.0,59.0,48.0,700,1807
2015-01-20,36.0,56.0,46.0,659,1808
2015-01-21,40.0,58.0,49.0,659,1808
2015-01-22,39.0,54.0,47.0,659,1809
2015-01-23,43.0,65.0,54.0,659,1810
2015-01-24,41.0,61.0,51.0,659,1810
2015-01-25,40.0,55.0,48.0,659,1811
2015-01-26,42.0,59.0,51.0,659,1811
2015-01-27,36.0,58.0,47.0,659,1812
2015-01-28,36.0,54.0,45.0,658,1813
2015-01-29,35.0,54.0,45.0,658,1813
2015-01-30,36.0,54.0,45.0,658,1814
2015-01-31,33.0,53.0,43.0,658,1814
2015-02-01,36.0,53.0,45.0,657,1815
2015-02-02,38.0,54.0,46.0,657,1816
2015-02-03,41.0,54.0,48.0,657,1816
2015-02-04,39.0,50.0,45.0,656,1817
2015-02-05,38.0,50.0,44.0,656,1817
2015-02-06,33.0,47.0,40.0,655,1818
2015-02-07,32.0,54.0,43.0,655,1818
2015-02-08,43.0,59.0,51.0,655,1819
2015-02-09,42.0,55.0,49.0,654,1819
2015-02-10,35.0,50.0,43.0,654,1820
2015-02-11,34.0,54.0,44.0,653,1820
2015-02-12,37.0,53.0,45.0,653,1821
2015-02-13,40.0,54.0,47.0,652,1821
2015-02-14,38.0,57.0,48.0,652,1822
2015-02-15,37.0,51.0,44.0,651,1822
2015-02-16,37.0,53.0,45.0,651,1823
2015-02-17,36.0,54.0,45.0,650,1823
2015-02-18,36.0,54.0,45.0,649,1823
2015-02-19,38.0,56.0,47.0,649,1824
2015-02-20,39.0,54.0,47.0,648,1824
2015-02-21,36.0,51.0,44.0,647,1825
2015-02-22,35.0,52.0,44.0,647,1825
2015-02-23,40.0,53.0,47.0,646,1825
2015-02-24,40.0,56.0,48.0,646,1826
2015-02-25,39.0,57.0,48.0,645,1826
2015-02-26,36.0,48.0,42.0,644,1827
2015-02-27,35.0,49.0,42.0,643,1827
2015-02-28,35.0,44.0,40.0,643,1827
2015-03-01,33.0,44.0,39.0,642,1828
2015-03-02,32.0,43.0,38.0,641,1828
2015-03-03,33.0,46.0,40.0,640,1828
2015-03-04,33.0,39.0,36.0,640,1829
2015-03-05,33.0,48.0,41.0,639,1829
2015-03-06,35.0,49.0,42.0,638,1829
2015-03-07,38.0,53.0,46.0,637,1830
2015-03-08,32.0,46.0,39.0,637,1830
2015-03-09,33.0,37.0,35.0,636,1830
2015-03-10,34.0,42.0,38.0,635,1831
2015-03-11,31.0,37.0,34.0,634,1831
2015-03-12,32.0,39.0,36.0,633,1831
2015-03-13,31.0,41.0,36.0,632,1832
2015-03-14,31.0,47.0,39.0,632,1832
2015-03-15,33.0,51.0,42.0,631,1832
2015-03-16,36.0,54.0,45.0,630,1832
2015-03-17,36.0,57.0,47.0,629,1833
2015-03-18,36.0,57.0,47.0,628,1833
2015-03-19,39.0,60.0,50.0,627,1833
2015-03-20,38.0,61.0,50.0,626,1833
2015-03-21,41.0,60.0,51.0,626,1834
2015-03-22,37.0,56.0,47.0,625,1834
2015-03-23,38.0,58.0,48.0,624,1834
2015-03-24,36.0,56.0,46.0,623,1834
2015-03-25,38.0,54.0,46.0,622,1835
2015-03-26,34.0,59.0,47.0,621,1835
2015-03-27,39.0,58.0,49.0,620,1835
2015-03-28,42.0,58.0,50.0,620,1835
2015-03-29,39.0,57.0,48.0,619,1836
2015-03-30,36.0,54.0,45.0,618,1836
2015-03-31,31.0,50.0,41.0,617,1836
2015-04-01,32.0,49.0,41.0,616,1836
2015-04-02,31.0,49.0,40.0,615,1837
2015-04-03,35.0,50.0,43.0,614,1837
2015-04-04,39.0,51.0,45.0,614,1837
2015-04-05,35.0,53.0,44.0,613,1838
2015-04-06,35.0,52.0,44.0,612,1838
2015-04-07,33.0,47.0,40.0,611,1838
2015-04-08,33.0,52.0,43.0,610,1838
2015-04-09,34.0,51.0,43.0,610,1839
2015-04-10,35.0,49.0,42.0,609,1839
2015-04-11,35.0,48.0,42.0,608,1839
2015-04-12,33.0,48.0,41.0,607,1839
2015-04-13,36.0,53.0,45.0,606,1840
2015-04-14,39.0,52.0,46.0,606,1840
2015-04-15,37.0,48.0,43.0,605,1840
2015-04-16,34.0,47.0,41.0,604,1841
2015-04-17,34.0,50.0,42.0,603,1841
2015-04-18,37.0,53.0,45.0,602,1841
2015-04-19,40.0,58.0,49.0,602,1841
2015-04-20,39.0,60.0,50.0,601,1842
2015-04-21,43.0,63.0,53.0,600,1842
2015-04-22,40.0,60.0,50.0,600,1842
2015-04-23,39.0,57.0,48.0,559,1843
2015-04-24,43.0,58.0,51.0,558,1843
2015-04-25,43.0,57.0,50.0,558,1843
2015-04-26,41.0,55.0,48.0,557,1844
2015-04-27,37.0,54.0,46.0,556,1844
2015-04-28,33.0,55.0,44.0,556,1844
2015-04-29,37.0,59.0,48.0,555,1845
2015-04-30,36.0,57.0,47.0,554,1845
2015-05-01,37.0,53.0,45.0,554,1845
2015-05-02,35.0,50.0,43.0,553,1846
2015-05-03,33.0,53.0,43.0,553,1846
2015-05-04,40.0,55.0,48.0,552,1846
2015-05-05,42.0,59.0,51.0,552,1847
2015-05-06,42.0,63.0,53.0,551,1847
2015-05-07,41.0,59.0,50.0,550,1847
2015-05-08,38.0,59.0,49.0,550,1848
2015-05-09,38.0,54.0,46.0,550,1848
2015-05-10,36.0,51.0,44.0,549,1849
2015-05-11,37.0,55.0,46.0,549,1849
2015-05-12,37.0,51.0,44.0,548,1849
2015-05-13,33.0,45.0,39.0,548,1850
2015-05-14,31.0,49.0,40.0,547,1850
2015-05-15,32.0,52.0,42.0,547,1851
2015-05-16,33.0,56.0,45.0,547,1851
2015-05-17,38.0,60.0,49.0,546,1851
2015-05-18,38.0,58.0,48.0,546,1852
2015-05-19,39.0,55.0,47.0,546,1852
2015-05-20,39.0,54.0,47.0,545,1853
2015-05-21,37.0,55.0,46.0,545,1853
2015-05-22,39.0,59.0,49.0,545,1853
2015-05-23,41.0,55.0,48.0,545,1854
2015-05-24,39.0,59.0,49.0,544,1854
2015-05-25,42.0,62.0,52.0,544,1855
2015-05-26,43.0,64.0,54.0,544,1855
2015-05-27,44.0,57.0,51.0,544,1855
2015-05-28,43.0,60.0,52.0,544,1856
2015-05-29,44.0,62.0,53.0,543,1856
2015-05-30,41.0,54.0,48.0,543,1856
2015-05-31,39.0,52.0,46.0,543,1857
2015-06-01,38.0,54.0,46.0,543,1857
2015-06-02,41.0,56.0,49.0,543,1858
2015-06-03,41.0,55.0,48.0,543,1858
2015-06-04,39.0,55.0,47.0,543,1858
2015-06-05,37.0,53.0,45.0,543,1859
2015-06-06,36.0,55.0,46.0,543,1859
2015-06-07,40.0,54.0,47.0,543,1859
2015-06-08,38.0,56.0,47.0,543,1900
2015-06-09,38.0,53.0,46.0,543,1900
2015-06-10,37.0,49.0,43.0,543,1900
2015-06-11,34.0,46.0,40.0,543,1901
2015-06-12,32.0,50.0,41.0,543,1901
2015-06-13,39.0,52.0,46.0,543,1901
2015-06-14,42.0,57.0,50.0,544,1902
2015-06-15,41.0,63.0,52.0,544,1902
2015-06-16,48.0,61.0,55.0,544,1902
2015-06-17,46.0,65.0,56.0,544,1902
2015-06-18,45.0,67.0,56.0,544,1903
2015-06-19,43.0,61.0,52.0,544,1903
2015-06-20,43.0,60.0,52.0,545,1903
2015-06-21,45.0,60.0,53.0,545,1903
2015-06-22,45.0,59.0,52.0,545,1904
2015-06-23,46.0,65.0,56.0,545,1904
2015-06-24,42.0,60.0,51.0,545,1904
2015-06-25,42.0,59.0,51.0,546,1904
2015-06-26,42.0,57.0,50.0,546,1904
2015-06-27,38.0,56.0,47.0,546,1904
2015-06-28,42.0,55.0,49.0,546,1905
2015-06-29,40.0,56.0,48.0,547,1905
2015-06-30,40.0,56.0,48.0,547,1905
2015-07-01,37.0,54.0,46.0,547,1905
2015-07-02,38.0,54.0,46.0,548,1905
2015-07-03,38.0,56.0,47.0,548,1905
2015-07-04,39.0,56.0,48.0,548,1905
2015-07-05,41.0,59.0,50.0,549,1905
2015-07-06,43.0,60.0,52.0,549,1905
2015-07-07,39.0,55.0,47.0,549,1905
2015-07-08,40.0,53.0,47.0,550,1905
2015-07-09,38.0,55.0,47.0,550,1905
2015-07-10,40.0,55.0,48.0,550,1905
2015-07-11,46.0,60.0,53.0,551,1905
2015-07-12,46.0,58.0,52.0,551,1905
2015-07-13,45.0,57.0,51.0,551,1904
2015-07-14,45.0,60.0,53.0,552,1904
2015-07-15,44.0,66.0,55.0,552,1904
2015-07-16,43.0,59.0,51.0,553,1904
2015-07-17,41.0,54.0,48.0,553,1904
2015-07-18,39.0,56.0,48.0,553,1904
2015-07-19,43.0,56.0,50.0,554,1903
2015-07-20,40.0,51.0,46.0,554,1903
2015-07-21,37.0,49.0,43.0,554,1903
2015-07-22,37.0,52.0,45.0,555,1902
2015-07-23,39.0,59.0,49.0,555,1902
2015-07-24,43.0,59.0,51.0,556,1902
2015-07-25,45.0,56.0,51.0,556,1901
2015-07-26,42.0,58.0,50.0,556,1901
2015-07-27,44.0,55.0,50.0,557,1901
2015-07-28,40.0,55.0,48.0,557,1900
2015-07-29,46.0,62.0,54.0,557,1900
2015-07-30,48.0,64.0,56.0,558,1859
2015-07-31,45.0,63.0,54.0,558,1859
2015-08-01,46.0,66.0,56.0,558,1859
2015-08-02,45.0,52.0,49.0,559,1858
2015-08-03,44.0,51.0,48.0,559,1858
2015-08-04,40.0,54.0,47.0,559,1857
2015-08-05,43.0,56.0,50.0,600,1857
2015-08-06,41.0,54.0,48.0,600,1856
2015-08-07,41.0,59.0,50.0,600,1855
2015-08-08,43.0,64.0,54.0,601,1855
2015-08-09,43.0,63.0,53.0,601,1854
2015-08-10,40.0,59.0,50.0,601,1854
2015-08-11,39.0,55.0,47.0,602,1853
2015-08-12,40.0,55.0,48.0,602,1852
2015-08-13,40.0,56.0,48.0,602,1852
2015-08-14,44.0,56.0,50.0,603,1851
2015-08-15,41.0,53.0,47.0,603,1850
2015-08-16,41.0,52.0,47.0,603,1850
2015-08-17,42.0,53.0,48.0,603,1849
2015-08-18,40.0,52.0,46.0,604,1848
2015-08-19,39.0,52.0,46.0,604,1848
2015-08-20,38.0,51.0,45.0,604,1847
2015-08-21,42.0,65.0,54.0,604,1846
2015-08-22,46.0,59.0,53.0,605,1845
2015-08-23,45.0,57.0,51.0,605,1845
2015-08-24,43.0,48.0,46.0,605,1844
2015-08-25,42.0,52.0,47.0,605,1843
2015-08-26,42.0,55.0,49.0,606,1842
2015-08-27,41.0,57.0,49.0,606,1841
2015-08-28,43.0,59.0,51.0,606,1841
2015-08-29,42.0,59.0,51.0,606,1840
2015-08-30,42.0,56.0,49.0,607,1839
2015-08-31,41.0,55.0,48.0,607,1838
2015-09-01,42.0,60.0,51.0,607,1837
2015-09-02,43.0,52.0,48.0,607,1836
2015-09-03,42.0,52.0,47.0,607,1836
2015-09-04,40.0,53.0,47.0,608,1835
2015-09-05,39.0,54.0,47.0,608,1834
2015-09-06,41.0,54.0,48.0,608,1833
2015-09-07,42.0,53.0,48.0,608,1832
2015-09-08,41.0,59.0,50.0,608,1831
2015-09-09,46.0,60.0,53.0,609,1830
2015-09-10,42.0,56.0,49.0,609,1829
2015-09-11,42.0,59.0,51.0,609,1828
2015-09-12,41.0,56.0,49.0,609,1828
2015-09-13,43.0,62.0,53.0,609,1827
2015-09-14,42.0,62.0,52.0,610,1826
2015-09-15,40.0,57.0,49.0,610,1825
2015-09-16,39.0,54.0,47.0,610,1824
2015-09-17,38.0,53.0,46.0,610,1823
2015-09-18,38.0,54.0,46.0,610,1822
2015-09-19,39.0,55.0,47.0,611,1821
2015-09-20,41.0,58.0,50.0,611,1820
2015-09-21,43.0,54.0,49.0,611,1819
2015-09-22,39.0,54.0,47.0,611,1819
2015-09-23,37.0,54.0,46.0,611,1818
2015-09-24,38.0,55.0,47.0,612,1817
2015-09-25,39.0,54.0,47.0,612,1816
2015-09-26,42.0,53.0,48.0,612,1815
2015-09-27,39.0,54.0,47.0,612,1814
2015-09-28,39.0,53.0,46.0,612,1813
2015-09-29,38.0,52.0,45.0,613,1812
2015-09-30,39.0,60.0,50.0,613,1811
2015-10-01,39.0,57.0,48.0,613,1811
2015-10-02,39.0,57.0,48.0,613,1810
2015-10-03,43.0,63.0,53.0,614,1809
2015-10-04,45.0,57.0,51.0,614,1808
2015-10-05,42.0,58.0,50.0,614,1807
2015-10-06,39.0,54.0,47.0,614,1806
2015-10-07,41.0,62.0,52.0,615,1805
2015-10-08,41.0,60.0,51.0,615,1805
2015-10-09,40.0,58.0,49.0,615,1804
2015-10-10,41.0,56.0,49.0,615,1803
2015-10-11,43.0,60.0,52.0,616,1802
2015-10-12,40.0,58.0,49.0,616,1801
2015-10-13,39.0,56.0,48.0,616,1801
2015-10-14,38.0,58.0,48.0,616,1800
2015-10-15,39.0,54.0,47.0,617,1759
2015-10-16,42.0,60.0,51.0,617,1758
2015-10-17,42.0,54.0,48.0,617,1758
2015-10-18,40.0,58.0,49.0,618,1757
2015-10-19,41.0,58.0,50.0,618,1756
2015-10-20,40.0,57.0,49.0,618,1755
2015-10-21,41.0,54.0,48.0,619,1755
2015-10-22,40.0,55.0,48.0,619,1754
2015-10-23,38.0,56.0,47.0,620,1753
2015-10-24,42.0,57.0,50.0,620,1753
2015-10-25,45.0,60.0,53.0,620,1752
2015-10-26,44.0,63.0,54.0,621,1752
2015-10-27,42.0,63.0,53.0,621,1751
2015-10-28,44.0,57.0,51.0,622,1750
2015-10-29,38.0,53.0,46.0,622,1750
2015-10-30,42.0,54.0,48.0,622,1749
2015-10-31,42.0,61.0,52.0,623,1749
2015-11-01,41.0,57.0,49.0,623,1748
2015-11-02,40.0,59.0,50.0,624,1748
2015-11-03,43.0,57.0,50.0,624,1747
2015-11-04,42.0,58.0,50.0,625,1747
2015-11-05,40.0,60.0,50.0,625,1746
2015-11-06,41.0,59.0,50.0,626,1746
2015-11-07,42.0,60.0,51.0,626,1746
2015-11-08,39.0,58.0,49.0,627,1745
2015-11-09,37.0,52.0,45.0,627,1745
2015-11-10,35.0,51.0,43.0,628,1745
2015-11-11,37.0,53.0,45.0,628,1744
2015-11-12,38.0,49.0,44.0,629,1744
2015-11-13,37.0,49.0,43.0,629,1744
2015-11-14,36.0,52.0,44.0,630,1743
2015-11-15,36.0,51.0,44.0,630,1743
2015-11-16,35.0,52.0,44.0,631,1743
2015-11-17,37.0,56.0,47.0,632,1743
2015-11-18,36.0,53.0,45.0,632,1743
2015-11-19,43.0,56.0,50.0,633,1743
2015-11-20,43.0,51.0,47.0,633,1742
2015-11-21,41.0,53.0,47.0,634,1742
2015-11-22,42.0,58.0,50.0,635,1742
2015-11-23,42.0,55.0,49.0,635,1742
2015-11-24,42.0,53.0,48.0,636,1742
2015-11-25,38.0,55.0,47.0,636,1742
2015-11-26,40.0,56.0,48.0,637,1742
2015-11-27,41.0,58.0,50.0,638,1742
2015-11-28,39.0,54.0,47.0,638,1742
2015-11-29,40.0,58.0,49.0,639,1742
2015-11-30,44.0,60.0,52.0,640,1742
2015-12-01,43.0,60.0,52.0,640,1743
2015-12-02,40.0,61.0,51.0,641,1743
2015-12-03,42.0,57.0,50.0,641,1743
2015-12-04,42.0,56.0,49.0,642,1743
2015-12-05,39.0,58.0,49.0,643,1743
2015-12-06,39.0,63.0,51.0,643,1743
2015-12-07,45.0,63.0,54.0,644,1744
2015-12-08,44.0,60.0,52.0,645,1744
2015-12-09,41.0,56.0,49.0,645,1744
2015-12-10,39.0,54.0,47.0,646,1745
2015-12-11,42.0,53.0,48.0,646,1745
2015-12-12,39.0,55.0,47.0,647,1745
2015-12-13,36.0,52.0,44.0,648,1746
2015-12-14,36.0,54.0,45.0,648,1746
2015-12-15,33.0,49.0,41.0,649,1746
2015-12-16,35.0,53.0,44.0,649,1747
2015-12-17,37.0,54.0,46.0,650,1747
2015-12-18,38.0,53.0,46.0,650,1748
2015-12-19,34.0,46.0,40.0,651,1748
2015-12-20,35.0,49.0,42.0,651,1749
2015-12-21,35.0,47.0,41.0,652,1749
2015-12-22,34.0,51.0,43.0,652,1750
2015-12-23,33.0,46.0,40.0,653,1750
2015-12-24,32.0,49.0,41.0,653,1751
2015-12-25,35.0,48.0,42.0,654,1751
2015-12-26,35.0,49.0,42.0,654,1752
2015-12-27,35.0,50.0,43.0,655,1752
2015-12-28,35.0,45.0,40.0,655,1753
2015-12-29,31.0,49.0,40.0,655,1753
2015-12-30,36.0,52.0,44.0,656,1754
2015-12-31,40.0,56.0,48.0,656,1755
2016-01-01,38.0,57.0,48.0,657,1756
2016-01-02,35.0,54.0,45.0,657,1756
2016-01-03,39.0,54.0,47.0,657,1757
2016-01-04,37.0,53.0,45.0,658,1757
2016-01-05,34.0,51.0,43.0,658,1758
2016-01-06,36.0,56.0,46.0,658,1759
2016-01-07,37.0,58.0,48.0,658,1759
2016-01-08,37.0,54.0,46.0,659,1800
2016-01-09,40.0,54.0,47.0,659,1801
2016-01-10,39.0,53.0,46.0,659,1801
2016-01-11,37.0,57.0,47.0,659,1802
2016-01-12,39.0,54.0,47.0,659,1803
2016-01-13,37.0,59.0,48.0,659,1803
2016-01-14,40.0,60.0,50.0,659,1804
2016-01-15,40.0,56.0,48.0,659,1804
2016-01-16,38.0,54.0,46.0,700,1805
2016-01-17,37.0,56.0,47.0,700,1806
2016-01-18,41.0,55.0,48.0,700,1806
2016-01-19,40.0,60.0,50.0,700,1807
2016-01-20,42.0,58.0,50.0,659,1808
2016-01-21,42.0,57.0,50.0,659,1808
2016-01-22,41.0,59.0,50.0,659,1809
2016-01-23,39.0,59.0,49.0,659,1810
2016-01-24,38.0,55.0,47.0,659,1810
2016-01-25,35.0,54.0,45.0,659,1811
2016-01-26,39.0,58.0,49.0,659,1811
2016-01-27,37.0,59.0,48.0,659,1812
2016-01-28,44.0,62.0,53.0,658,1813
2016-01-29,49.0,64.0,57.0,658,1813
2016-01-30,45.0,62.0,54.0,658,1814
2016-01-31,41.0,59.0,50.0,658,1814
2016-02-01,36.0,54.0,45.0,657,1815
2016-02-02,38.0,52.0,45.0,657,1816
2016-02-03,38.0,55.0,47.0,657,1816
2016-02-04,40.0,58.0,49.0,656,1817
2016-02-05,37.0,58.0,48.0,656,1817
2016-02-06,36.0,57.0,47.0,655,1818
2016-02-07,33.0,47.0,40.0,655,1818
2016-02-08,31.0,53.0,42.0,655,1819
2016-02-09,37.0,53.0,45.0,654,1819
2016-02-10,35.0,55.0,45.0,654,1820
2016-02-11,38.0,54.0,46.0,653,1820
2016-02-12,41.0,59.0,50.0,653,1821
2016-02-13,43.0,60.0,52.0,652,1821
2016-02-14,42.0,60.0,51.0,652,1822
2016-02-15,38.0,58.0,48.0,651,1822
2016-02-16,37.0,59.0,48.0,651,1823
2016-02-17,44.0,57.0,51.0,650,1823
2016-02-18,38.0,57.0,48.0,649,1823
2016-02-19,36.0,57.0,47.0,649,1824
2016-02-20,37.0,59.0,48.0,648,1824
2016-02-21,39.0,61.0,50.0,647,1825
2016-02-22,43.0,60.0,52.0,647,1825
2016-02-23,45.0,63.0,54.0,646,1825
2016-02-24,45.0,62.0,54.0,646,1826
2016-02-25,39.0,53.0,46.0,645,1826
2016-02-26,36.0,53.0,45.0,644,1827
2016-02-27,36.0,59.0,48.0,643,1827
2016-02-28,36.0,55.0,46.0,643,1827
2016-02-29,37.0,60.0,49.0,642,1828
2016-03-01,40.0,60.0,50.0,641,1828
2016-03-02,39.0,61.0,50.0,640,1828
2016-03-03,44.0,57.0,51.0,640,1829
2016-03-04,42.0,58.0,50.0,639,1829
2016-03-05,39.0,56.0,48.0,638,1829
2016-03-06,37.0,60.0,49.0,637,1830
2016-03-07,40.0,58.0,49.0,637,1830
2016-03-08,43.0,66.0,55.0,636,1830
2016-03-09,40.0,60.0,50.0,635,1831
2016-03-10,37.0,57.0,47.0,634,1831
2016-03-11,36.0,52.0,44.0,633,1831
2016-03-12,36.0,54.0,45.0,632,1832
2016-03-13,38.0,53.0,46.0,632,1832
2016-03-14,40.0,54.0,47.0,631,1832
2016-03-15,36.0,52.0,44.0,630,1832
2016-03-16,38.0,51.0,45.0,629,1833
2016-03-17,34.0,55.0,45.0,628,1833
2016-03-18,35.0,53.0,44.0,627,1833
2016-03-19,36.0,55.0,46.0,626,1833
2016-03-20,38.0,54.0,46.0,626,1834
2016-03-21,36.0,55.0,46.0,625,1834
2016-03-22,35.0,52.0,44.0,624,1834
2016-03-23,34.0,46.0,40.0,623,1834
2016-03-24,33.0,47.0,40.0,622,1835
2016-03-25,31.0,51.0,41.0,621,1835
2016-03-26,34.0,50.0,42.0,620,1835
2016-03-27,38.0,56.0,47.0,620,1835
2016-03-28,42.0,60.0,51.0,619,1836
2016-03-29,43.0,61.0,52.0,618,1836
2016-03-30,42.0,60.0,51.0,617,1836
2016-03-31,44.0,59.0,52.0,616,1836
2016-04-01,42.0,57.0,50.0,615,1837
2016-04-02,41.0,59.0,50.0,614,1837
2016-04-03,42.0,62.0,52.0,614,1837
2016-04-04,47.0,60.0,54.0,613,1838
2016-04-05,44.0,61.0,53.0,612,1838
2016-04-06,40.0,59.0,50.0,611,1838
2016-04-07,36.0,60.0,48.0,610,1838
2016-04-08,38.0,54.0,46.0,610,1839
2016-04-09,40.0,56.0,48.0,609,1839
2016-04-10,40.0,54.0,47.0,608,1839
2016-04-11,41.0,60.0,51.0,607,1839
2016-04-12,41.0,59.0,50.0,606,1840
2016-04-13,39.0,59.0,49.0,606,1840
2016-04-14,41.0,57.0,49.0,605,1840
2016-04-15,36.0,53.0,45.0,604,1841
2016-04-16,36.0,51.0,44.0,603,1841
2016-04-17,36.0,53.0,45.0,602,1841
2016-04-18,37.0,58.0,48.0,602,1841
2016-04-19,38.0,54.0,46.0,601,1842
2016-04-21,44.0,55.0,50.0,600,1842
2016-04-22,44.0,56.0,50.0,559,1843
2016-04-23,43.0,57.0,50.0,558,1843
2016-04-24,42.0,59.0,51.0,558,1843
2016-04-25,40.0,55.0,48.0,557,1844
2016-04-26,42.0,57.0,50.0,556,1844
2016-04-27,40.0,61.0,51.0,556,1844
2016-04-28,43.0,57.0,50.0,555,1845
2016-04-29,44.0,61.0,53.0,554,1845
2016-04-30,39.0,57.0,48.0,554,1845
2016-05-01,38.0,60.0,49.0,553,1846
2016-05-02,45.0,63.0,54.0,553,1846
2016-05-03,43.0,60.0,52.0,552,1846
2016-05-04,44.0,65.0,55.0,552,1847
2016-05-05,44.0,58.0,51.0,551,1847
2016-05-06,41.0,56.0,49.0,550,1847
2016-05-07,38.0,55.0,47.0,550,1848
2016-05-08,40.0,53.0,47.0,550,1848
2016-05-09,36.0,52.0,44.0,549,1849
2016-05-10,34.0,52.0,43.0,549,1849
2016-05-11,36.0,54.0,45.0,548,1849
2016-05-12,37.0,53.0,45.0,548,1850
2016-05-13,38.0,50.0,44.0,547,1850
2016-05-14,39.0,61.0,50.0,547,1851
2016-05-15,44.0,59.0,52.0,547,1851
2016-05-16,43.0,60.0,52.0,546,1851
2016-05-17,43.0,60.0,52.0,546,1852
2016-05-18,43.0,58.0,51.0,546,1852
2016-05-19,40.0,61.0,51.0,545,1853
2016-05-20,41.0,57.0,49.0,545,1853
2016-05-21,40.0,58.0,49.0,545,1853
2016-05-22,38.0,56.0,47.0,545,1854
2016-05-23,36.0,51.0,44.0,544,1854
2016-05-24,33.0,51.0,42.0,544,1855
2016-05-25,36.0,49.0,43.0,544,1855
2016-05-26,36.0,52.0,44.0,544,1855
2016-05-27,35.0,52.0,44.0,544,1856
2016-05-28,39.0,51.0,45.0,543,1856
2016-05-29,39.0,53.0,46.0,543,1856
2016-05-30,38.0,55.0,47.0,543,1857
2016-05-31,44.0,54.0,49.0,543,1857
2016-06-01,41.0,54.0,48.0,543,1858
2016-06-02,40.0,58.0,49.0,543,1858
2016-06-03,41.0,56.0,49.0,543,1858
2016-06-04,44.0,60.0,52.0,543,1859
2016-06-05,45.0,58.0,52.0,543,1859
2016-06-06,44.0,57.0,51.0,543,1859
2016-06-07,44.0,59.0,52.0,543,1900
2016-06-08,45.0,58.0,52.0,543,1900
2016-06-09,46.0,60.0,53.0,543,1900
2016-06-10,44.0,61.0,53.0,543,1901
2016-06-11,40.0,54.0,47.0,543,1901
2016-06-12,40.0,58.0,49.0,543,1901
2016-06-13,40.0,58.0,49.0,544,1902
2016-06-14,38.0,57.0,48.0,544,1902
2016-06-15,40.0,55.0,48.0,544,1902
2016-06-16,42.0,61.0,52.0,544,1902
2016-06-17,46.0,60.0,53.0,544,1903
2016-06-18,41.0,60.0,51.0,544,1903
2016-06-19,42.0,60.0,51.0,545,1903
2016-06-20,41.0,57.0,49.0,545,1903
2016-06-21,39.0,56.0,48.0,545,1904
2016-06-22,40.0,56.0,48.0,545,1904
2016-06-23,42.0,56.0,49.0,545,1904
2016-06-24,42.0,58.0,50.0,546,1904
2016-06-25,43.0,56.0,50.0,546,1904
2016-06-26,41.0,55.0,48.0,546,1904
2016-06-27,37.0,53.0,45.0,546,1905
2016-06-28,39.0,53.0,46.0,547,1905
2016-06-29,38.0,54.0,46.0,547,1905
2016-06-30,43.0,58.0,51.0,547,1905
2016-07-01,39.0,57.0,48.0,548,1905
2016-07-02,43.0,63.0,53.0,548,1905
2016-07-03,45.0,67.0,56.0,548,1905
2016-07-04,44.0,58.0,51.0,549,1905
2016-07-05,40.0,54.0,47.0,549,1905
2016-07-06,38.0,56.0,47.0,549,1905
2016-07-07,43.0,61.0,52.0,550,1905
2016-07-08,43.0,60.0,52.0,550,1905
2016-07-09,42.0,56.0,49.0,550,1905
2016-07-10,39.0,51.0,45.0,551,1905
2016-07-11,36.0,50.0,43.0,551,1905
2016-07-12,38.0,52.0,45.0,551,1904
2016-07-13,36.0,54.0,45.0,552,1904
2016-07-14,39.0,56.0,48.0,552,1904
2016-07-15,42.0,57.0,50.0,553,1904
2016-07-16,39.0,57.0,48.0,553,1904
2016-07-17,40.0,54.0,47.0,553,1904
2016-07-18,39.0,49.0,44.0,554,1903
2016-07-19,38.0,52.0,45.0,554,1903
2016-07-20,40.0,55.0,48.0,554,1903
2016-07-21,41.0,62.0,52.0,555,1902
2016-07-22,40.0,57.0,49.0,555,1902
2016-07-23,43.0,52.0,48.0,556,1902
2016-07-24,44.0,51.0,48.0,556,1901
2016-07-25,42.0,58.0,50.0,556,1901
2016-07-26,41.0,59.0,50.0,557,1901
2016-07-27,39.0,57.0,48.0,557,1900
2016-07-28,38.0,59.0,49.0,557,1900
2016-07-29,37.0,58.0,48.0,558,1859
2016-07-30,39.0,57.0,48.0,558,1859
2016-07-31,41.0,55.0,48.0,558,1859
2016-08-01,42.0,56.0,49.0,559,1858
2016-08-02,40.0,58.0,49.0,559,1858
2016-08-03,37.0,57.0,47.0,559,1857
2016-08-04,40.0,58.0,49.0,600,1857
2016-08-05,41.0,62.0,52.0,600,1856
2016-08-06,37.0,59.0,48.0,600,1855
2016-08-07,40.0,58.0,49.0,601,1855
2016-08-08,42.0,60.0,51.0,601,1854
2016-08-09,40.0,60.0,50.0,601,1854
2016-08-10,42.0,62.0,52.0,602,1853
2016-08-11,42.0,60.0,51.0,602,1852
2016-08-12,44.0,61.0,53.0,602,1852
2016-08-13,41.0,54.0,48.0,603,1851
2016-08-14,42.0,53.0,48.0,603,1850
2016-08-15,40.0,56.0,48.0,603,1850
2016-08-16,39.0,56.0,48.0,603,1849
2016-08-17,40.0,60.0,50.0,604,1848
2016-08-18,42.0,59.0,51.0,604,1848
2016-08-19,43.0,57.0,50.0,604,1847
2016-08-20,37.0,59.0,48.0,604,1846
2016-08-21,40.0,54.0,47.0,605,1845
2016-08-22,44.0,49.0,47.0,605,1845
2016-08-23,42.0,53.0,48.0,605,1844
2016-08-24,41.0,53.0,47.0,605,1843
2016-08-25,41.0,54.0,48.0,606,1842
2016-08-26,41.0,58.0,50.0,606,1841
2016-08-27,38.0,54.0,46.0,606,1841
2016-08-28,35.0,53.0,44.0,606,1840
2016-08-29,38.0,50.0,44.0,607,1839
2016-08-30,37.0,58.0,48.0,607,1838
2016-08-31,42.0,49.0,46.0,607,1837
2016-09-01,40.0,54.0,47.0,607,1836
2016-09-02,41.0,59.0,50.0,607,1836
2016-09-03,41.0,52.0,47.0,608,1835
2016-09-04,41.0,52.0,47.0,608,1834
2016-09-05,40.0,55.0,48.0,608,1833
2016-09-06,39.0,59.0,49.0,608,1832
2016-09-07,37.0,55.0,46.0,608,1831
2016-09-08,36.0,52.0,44.0,609,1830
2016-09-09,38.0,55.0,47.0,609,1829
2016-09-10,39.0,56.0,48.0,609,1828
2016-09-11,37.0,56.0,47.0,609,1828
2016-09-12,42.0,57.0,50.0,609,1827
2016-09-13,42.0,57.0,50.0,610,1826
2016-09-14,39.0,52.0,46.0,610,1825
2016-09-15,38.0,46.0,42.0,610,1824
2016-09-16,39.0,54.0,47.0,610,1823
2016-09-17,42.0,55.0,49.0,610,1822
2016-09-18,41.0,57.0,49.0,611,1821
2016-09-19,42.0,60.0,51.0,611,1820
2016-09-20,42.0,59.0,51.0,611,1819
2016-09-21,44.0,59.0,52.0,611,1819
2016-09-22,41.0,55.0,48.0,611,1818
2016-09-23,40.0,55.0,48.0,612,1817
2016-09-24,40.0,54.0,47.0,612,1816
2016-09-25,38.0,55.0,47.0,612,1815
2016-09-26,41.0,58.0,50.0,612,1814
2016-09-27,37.0,50.0,44.0,612,1813
2016-09-28,36.0,53.0,45.0,613,1812
2016-09-29,36.0,59.0,48.0,613,1811
2016-09-30,39.0,58.0,49.0,613,1811
2016-10-01,39.0,56.0,48.0,613,1810
2016-10-02,37.0,55.0,46.0,614,1809
2016-10-03,38.0,49.0,44.0,614,1808
2016-10-04,40.0,51.0,46.0,614,1807
2016-10-05,37.0,53.0,45.0,614,1806
2016-10-06,38.0,50.0,44.0,615,1805
2016-10-07,36.0,52.0,44.0,615,1805
2016-10-08,38.0,52.0,45.0,615,1804
2016-10-09,35.0,55.0,45.0,615,1803
2016-10-10,41.0,56.0,49.0,616,1802
2016-10-11,40.0,56.0,48.0,616,1801
2016-10-12,38.0,63.0,51.0,616,1801
2016-10-13,42.0,62.0,52.0,616,1800
2016-10-14,45.0,63.0,54.0,617,1759
2016-10-15,45.0,64.0,55.0,617,1758
2016-10-16,40.0,58.0,49.0,617,1758
2016-10-17,39.0,58.0,49.0,618,1757
2016-10-18,40.0,56.0,48.0,618,1756
2016-10-19,39.0,57.0,48.0,618,1755
2016-10-20,38.0,51.0,45.0,619,1755
2016-10-21,38.0,55.0,47.0,619,1754
2016-10-22,37.0,56.0,47.0,620,1753
2016-10-23,42.0,62.0,52.0,620,1753
2016-10-24,42.0,61.0,52.0,620,1752
2016-10-25,38.0,56.0,47.0,621,1752
2016-10-26,40.0,59.0,50.0,621,1751
2016-10-27,40.0,58.0,49.0,622,1750
2016-10-28,41.0,55.0,48.0,622,1750
2016-10-29,38.0,54.0,46.0,622,1749
2016-10-30,39.0,55.0,47.0,623,1749
2016-10-31,40.0,56.0,48.0,623,1748
2016-11-01,42.0,55.0,49.0,624,1748
2016-11-02,38.0,58.0,48.0,624,1747
2016-11-03,42.0,59.0,51.0,625,1747
2016-11-04,40.0,58.0,49.0,625,1746
2016-11-05,41.0,58.0,50.0,626,1746
2016-11-06,38.0,59.0,49.0,626,1746
2016-11-07,38.0,56.0,47.0,627,1745
2016-11-08,38.0,53.0,46.0,627,1745
2016-11-09,41.0,54.0,48.0,628,1745
2016-11-10,43.0,54.0,49.0,628,1744
2016-11-11,40.0,54.0,47.0,629,1744
2016-11-12,36.0,54.0,45.0,629,1744
2016-11-13,38.0,57.0,48.0,630,1743
2016-11-14,41.0,57.0,49.0,630,1743
2016-11-15,40.0,56.0,48.0,631,1743
2016-11-16,41.0,54.0,48.0,632,1743
2016-11-17,40.0,56.0,48.0,632,1743
2016-11-18,40.0,57.0,49.0,633,1743
2016-11-19,41.0,58.0,50.0,633,1742
2016-11-20,41.0,54.0,48.0,634,1742
2016-11-21,38.0,53.0,46.0,635,1742
2016-11-22,36.0,52.0,44.0,635,1742
2016-11-23,41.0,57.0,49.0,636,1742
2016-11-24,39.0,55.0,47.0,636,1742
2016-11-25,39.0,56.0,48.0,637,1742
2016-11-26,42.0,57.0,50.0,638,1742
2016-11-27,41.0,56.0,49.0,638,1742
2016-11-28,38.0,54.0,46.0,639,1742
2016-11-29,38.0,52.0,45.0,640,1742
2016-11-30,34.0,46.0,40.0,640,1743
2016-12-01,31.0,37.0,34.0,641,1743
2016-12-02,32.0,38.0,35.0,641,1743
2016-12-03,35.0,44.0,40.0,642,1743
2016-12-04,37.0,44.0,41.0,643,1743
2016-12-05,42.0,52.0,47.0,643,1743
2016-12-06,40.0,52.0,46.0,644,1744
2016-12-07,37.0,49.0,43.0,645,1744
2016-12-08,40.0,51.0,46.0,645,1744
2016-12-09,39.0,50.0,45.0,646,1745
2016-12-10,39.0,43.0,41.0,646,1745
2016-12-11,37.0,50.0,44.0,647,1745
2016-12-12,36.0,49.0,43.0,648,1746
2016-12-13,36.0,48.0,42.0,648,1746
2016-12-14,36.0,53.0,45.0,649,1746
2016-12-15,33.0,55.0,44.0,649,1747
2016-12-16,34.0,44.0,39.0,650,1747
2016-12-17,35.0,48.0,42.0,650,1748
2016-12-18,33.0,41.0,37.0,651,1748
2016-12-19,37.0,50.0,44.0,651,1749
2016-12-20,38.0,51.0,45.0,652,1749
2016-12-21,37.0,53.0,45.0,652,1750
2016-12-22,38.0,56.0,47.0,653,1750
2016-12-23,39.0,55.0,47.0,653,1751
2016-12-24,37.0,56.0,47.0,654,1751
2016-12-25,36.0,48.0,42.0,654,1752
2016-12-26,35.0,49.0,42.0,655,1752
2016-12-27,35.0,53.0,44.0,655,1753
2016-12-28,35.0,51.0,43.0,655,1753
2016-12-29,29.0,45.0,37.0,656,1754
2016-12-30,33.0,45.0,39.0,656,1755
2016-12-31,33.0,43.0,38.0,657,1755
2017-01-01,31.0,46.0,39.0,657,1756
2017-01-02,34.0,52.0,43.0,657,1756
2017-01-03,35.0,51.0,43.0,657,1757
2017-01-04,34.0,50.0,42.0,658,1757
2017-01-05,33.0,46.0,40.0,658,1758
2017-01-06,34.0,48.0,41.0,658,1759
2017-01-07,33.0,48.0,41.0,658,1759
2017-01-08,33.0,52.0,43.0,659,1800
2017-01-09,39.0,55.0,47.0,659,1801
2017-01-10,36.0,53.0,45.0,659,1801
2017-01-11,34.0,50.0,42.0,659,1802
2017-01-12,29.0,49.0,39.0,659,1803
2017-01-13,34.0,52.0,43.0,659,1803
2017-01-14,37.0,50.0,44.0,659,1804
2017-01-15,35.0,55.0,45.0,659,1804
2017-01-16,38.0,51.0,45.0,700,1805
2017-01-17,39.0,54.0,47.0,700,1806
2017-01-18,38.0,54.0,46.0,700,1806
2017-01-19,43.0,57.0,50.0,700,1807
2017-01-20,41.0,61.0,51.0,659,1808
2017-01-21,36.0,54.0,45.0,659,1808
2017-01-22,34.0,49.0,42.0,659,1809
2017-01-23,31.0,48.0,40.0,659,1810
2017-01-24,30.0,45.0,38.0,659,1810
2017-01-25,29.0,50.0,40.0,659,1811
2017-01-26,38.0,54.0,46.0,659,1811
2017-01-27,42.0,59.0,51.0,659,1812
2017-01-28,36.0,55.0,46.0,658,1813
2017-01-29,34.0,52.0,43.0,658,1813
2017-01-30,31.0,49.0,40.0,658,1814
2017-01-31,33.0,52.0,43.0,658,1814
2017-02-01,32.0,48.0,40.0,657,1815
2017-02-02,31.0,51.0,41.0,657,1816
2017-02-03,34.0,47.0,41.0,657,1816
2017-02-04,33.0,52.0,43.0,656,1817
2017-02-05,40.0,57.0,49.0,656,1817
2017-02-06,41.0,55.0,48.0,655,1818
2017-02-07,38.0,51.0,45.0,655,1818
2017-02-08,38.0,54.0,46.0,655,1819
2017-02-09,40.0,55.0,48.0,654,1819
2017-02-10,44.0,56.0,50.0,654,1820
2017-02-11,33.0,53.0,43.0,653,1820
2017-02-12,32.0,53.0,43.0,653,1821
2017-02-13,38.0,56.0,47.0,652,1821
2017-02-14,41.0,58.0,50.0,652,1822
2017-02-15,41.0,56.0,49.0,651,1822
2017-02-16,37.0,57.0,47.0,651,1823
2017-02-17,40.0,57.0,49.0,650,1823
2017-02-18,37.0,52.0,45.0,649,1823
2017-02-19,32.0,47.0,40.0,649,1824
2017-02-20,28.0,46.0,37.0,648,1824
2017-02-21,25.0,40.0,33.0,647,1825
2017-02-22,27.0,42.0,35.0,647,1825
2017-02-23,25.0,42.0,34.0,646,1825
2017-02-24,25.0,45.0,35.0,646,1826
2017-02-25,31.0,47.0,39.0,645,1826
2017-02-26,36.0,43.0,40.0,644,1827
2017-02-27,33.0,43.0,38.0,643,1827
2017-02-28,34.0,43.0,39.0,643,1827
2017-03-01,33.0,44.0,39.0,642,1828
2017-03-02,34.0,48.0,41.0,641,1828
2017-03-03,34.0,52.0,43.0,640,1828
2017-03-04,33.0,53.0,43.0,640,1829
2017-03-05,36.0,51.0,44.0,639,1829
2017-03-06,34.0,50.0,42.0,638,1829
2017-03-07,34.0,52.0,43.0,637,1830
2017-03-08,36.0,49.0,43.0,637,1830
2017-03-09,35.0,46.0,41.0,636,1830
2017-03-10,33.0,48.0,41.0,635,1831
2017-03-11,31.0,42.0,37.0,634,1831
2017-03-12,31.0,45.0,38.0,633,1831
2017-03-13,34.0,50.0,42.0,632,1832
2017-03-14,35.0,54.0,45.0,632,1832
2017-03-15,38.0,56.0,47.0,631,1832
2017-03-16,35.0,55.0,45.0,630,1832
2017-03-17,36.0,56.0,46.0,629,1833
2017-03-18,39.0,59.0,49.0,628,1833
2017-03-19,40.0,55.0,48.0,627,1833
2017-03-20,38.0,56.0,47.0,626,1833
2017-03-21,39.0,60.0,50.0,626,1834
2017-03-22,41.0,61.0,51.0,625,1834
2017-03-23,36.0,51.0,44.0,624,1834
2017-03-24,38.0,58.0,48.0,623,1834
2017-03-25,35.0,56.0,46.0,622,1835
2017-03-26,35.0,57.0,46.0,621,1835
2017-03-27,39.0,59.0,49.0,620,1835
2017-03-28,40.0,56.0,48.0,620,1835
2017-03-29,41.0,58.0,50.0,619,1836
2017-03-30,37.0,56.0,47.0,618,1836
2017-03-31,39.0,53.0,46.0,617,1836
2017-04-01,35.0,54.0,45.0,616,1836
2017-04-02,36.0,54.0,45.0,615,1837
2017-04-03,38.0,55.0,47.0,614,1837
2017-04-04,41.0,61.0,51.0,614,1837
2017-04-05,46.0,64.0,55.0,613,1838
2017-04-06,45.0,62.0,54.0,612,1838
2017-04-07,46.0,63.0,55.0,611,1838
2017-04-08,42.0,64.0,53.0,610,1838
2017-04-09,41.0,57.0,49.0,610,1839
2017-04-10,38.0,53.0,46.0,609,1839
2017-04-11,36.0,56.0,46.0,608,1839
2017-04-12,34.0,48.0,41.0,607,1839
2017-04-13,36.0,55.0,46.0,606,1840
2017-04-14,34.0,47.0,41.0,606,1840
2017-04-15,34.0,51.0,43.0,605,1840
2017-04-16,37.0,53.0,45.0,604,1841
2017-04-17,35.0,54.0,45.0,603,1841
2017-04-18,36.0,52.0,44.0,602,1841
2017-04-20,35.0,53.0,44.0,601,1842
2017-04-21,35.0,56.0,46.0,600,1842
2017-04-22,38.0,61.0,50.0,600,1842
2017-04-23,39.0,55.0,47.0,559,1843
2017-04-24,38.0,55.0,47.0,558,1843
2017-04-25,40.0,60.0,50.0,558,1843
2017-04-26,44.0,59.0,52.0,557,1844
2017-04-27,42.0,58.0,50.0,556,1844
2017-04-28,35.0,53.0,44.0,556,1844
2017-04-29,36.0,50.0,43.0,555,1845
2017-04-30,35.0,44.0,40.0,554,1845
2017-05-01,35.0,46.0,41.0,554,1845
2017-05-02,35.0,49.0,42.0,553,1846
2017-05-03,36.0,47.0,42.0,553,1846
2017-05-04,38.0,60.0,49.0,552,1846
2017-05-05,38.0,60.0,49.0,552,1847
2017-05-06,40.0,61.0,51.0,551,1847
2017-05-07,39.0,56.0,48.0,550,1847
2017-05-08,38.0,57.0,48.0,550,1848
2017-05-09,36.0,56.0,46.0,550,1848
2017-05-10,35.0,53.0,44.0,549,1849
2017-05-11,36.0,50.0,43.0,549,1849
2017-05-12,37.0,58.0,48.0,548,1849
2017-05-13,38.0,55.0,47.0,548,1850
2017-05-14,36.0,55.0,46.0,547,1850
2017-05-15,34.0,53.0,44.0,547,1851
2017-05-16,35.0,53.0,44.0,547,1851
2017-05-17,34.0,53.0,44.0,546,1851
2017-05-18,35.0,49.0,42.0,546,1852
2017-05-19,35.0,51.0,43.0,546,1852
2017-05-20,39.0,57.0,48.0,545,1853
2017-05-21,43.0,56.0,50.0,545,1853
2017-05-22,43.0,63.0,53.0,545,1853
2017-05-23,43.0,65.0,54.0,545,1854
2017-05-24,42.0,53.0,48.0,544,1854
2017-05-25,38.0,53.0,46.0,544,1855
2017-05-26,35.0,50.0,43.0,544,1855
2017-05-27,33.0,48.0,41.0,544,1855
2017-05-28,32.0,49.0,41.0,544,1856
2017-05-29,38.0,53.0,46.0,543,1856
2017-05-30,36.0,56.0,46.0,543,1856
2017-05-31,43.0,58.0,51.0,543,1857
2017-06-01,45.0,62.0,54.0,543,1857
2017-06-02,44.0,64.0,54.0,543,1858
2017-06-03,44.0,63.0,54.0,543,1858
2017-06-04,44.0,63.0,54.0,543,1858
2017-06-05,43.0,59.0,51.0,543,1859
2017-06-06,42.0,60.0,51.0,543,1859
2017-06-07,43.0,62.0,53.0,543,1859
2017-06-08,47.0,64.0,56.0,543,1900
2017-06-09,46.0,66.0,56.0,543,1900
2017-06-10,43.0,62.0,53.0,543,1900
2017-06-11,41.0,61.0,51.0,543,1901
2017-06-12,42.0,58.0,50.0,543,1901
2017-06-13,40.0,60.0,50.0,543,1901
2017-06-14,39.0,57.0,48.0,544,1902
2017-06-15,39.0,55.0,47.0,544,1902
2017-06-16,40.0,58.0,49.0,544,1902
2017-06-17,42.0,59.0,51.0,544,1902
2017-06-18,46.0,60.0,53.0,544,1903
2017-06-19,46.0,65.0,56.0,544,1903
2017-06-20,47.0,64.0,56.0,545,1903
2017-06-21,47.0,62.0,55.0,545,1903
2017-06-22,46.0,61.0,54.0,545,1904
2017-06-23,45.0,57.0,51.0,545,1904
2017-06-24,45.0,62.0,54.0,545,1904
2017-06-25,44.0,57.0,51.0,546,1904
2017-06-26,40.0,62.0,51.0,546,1904
2017-06-27,45.0,63.0,54.0,546,1904
2017-06-28,41.0,56.0,49.0,546,1905
2017-06-29,42.0,61.0,52.0,547,1905
2017-06-30,44.0,61.0,53.0,547,1905
2017-07-01,40.0,57.0,49.0,547,1905
2017-07-02,39.0,54.0,47.0,548,1905
2017-07-03,42.0,59.0,51.0,548,1905
2017-07-04,40.0,56.0,48.0,548,1905
2017-07-05,40.0,56.0,48.0,549,1905
2017-07-06,41.0,57.0,49.0,549,1905
2017-07-07,40.0,59.0,50.0,549,1905
2017-07-08,39.0,58.0,49.0,550,1905
2017-07-09,40.0,54.0,47.0,550,1905
2017-07-10,38.0,53.0,46.0,550,1905
2017-07-11,39.0,55.0,47.0,551,1905
2017-07-12,40.0,57.0,49.0,551,1905
2017-07-13,39.0,58.0,49.0,551,1904
2017-07-14,38.0,54.0,46.0,552,1904
2017-07-15,36.0,52.0,44.0,552,1904
2017-07-16,42.0,58.0,50.0,553,1904
2017-07-17,42.0,57.0,50.0,553,1904
2017-07-18,41.0,53.0,47.0,553,1904
2017-07-19,40.0,59.0,50.0,554,1903
2017-07-20,41.0,61.0,51.0,554,1903
2017-07-21,40.0,60.0,50.0,554,1903
2017-07-22,42.0,60.0,51.0,555,1902
2017-07-23,40.0,62.0,51.0,555,1902
2017-07-24,42.0,53.0,48.0,556,1902
2017-07-25,40.0,58.0,49.0,556,1901
2017-07-26,38.0,58.0,48.0,556,1901
2017-07-27,43.0,59.0,51.0,557,1901
2017-07-28,44.0,60.0,52.0,557,1900
2017-07-29,41.0,57.0,49.0,557,1900
2017-07-30,44.0,61.0,53.0,558,1859
2017-07-31,44.0,63.0,54.0,558,1859
2017-08-01,42.0,56.0,49.0,558,1859
2017-08-02,39.0,54.0,47.0,559,1858
2017-08-03,40.0,54.0,47.0,559,1858
2017-08-04,42.0,63.0,53.0,559,1857
2017-08-05,45.0,65.0,55.0,600,1857
2017-08-06,43.0,58.0,51.0,600,1856
2017-08-07,43.0,58.0,51.0,600,1855
2017-08-08,42.0,59.0,51.0,601,1855
2017-08-09,42.0,58.0,50.0,601,1854
2017-08-10,41.0,59.0,50.0,601,1854
2017-08-11,45.0,63.0,54.0,602,1853
2017-08-12,47.0,66.0,57.0,602,1852
2017-08-13,45.0,62.0,54.0,602,1852
2017-08-14,43.0,58.0,51.0,603,1851
2017-08-15,43.0,59.0,51.0,603,1850
2017-08-16,43.0,58.0,51.0,603,1850
2017-08-17,41.0,58.0,50.0,603,1849
2017-08-18,42.0,60.0,51.0,604,1848
2017-08-19,39.0,56.0,48.0,604,1848
2017-08-20,40.0,55.0,48.0,604,1847
2017-08-21,38.0,49.0,44.0,604,1846
2017-08-22,40.0,57.0,49.0,605,1845
2017-08-23,44.0,59.0,52.0,605,1845
2017-08-24,44.0,62.0,53.0,605,1844
2017-08-25,44.0,61.0,53.0,605,1843
2017-08-26,41.0,58.0,50.0,606,1842
2017-08-27,40.0,58.0,49.0,606,1841
2017-08-28,38.0,55.0,47.0,606,1841
2017-08-29,39.0,52.0,46.0,606,1840
2017-08-30,37.0,54.0,46.0,607,1839
2017-08-31,40.0,59.0,50.0,607,1838
2017-09-01,44.0,63.0,54.0,607,1837
2017-09-02,40.0,56.0,48.0,607,1836
2017-09-03,42.0,59.0,51.0,607,1836
2017-09-04,40.0,58.0,49.0,608,1835
2017-09-05,40.0,58.0,49.0,608,1834
2017-09-06,41.0,55.0,48.0,608,1833
2017-09-07,37.0,53.0,45.0,608,1832
2017-09-08,39.0,53.0,46.0,608,1831
2017-09-09,38.0,51.0,45.0,609,1830
2017-09-10,39.0,53.0,46.0,609,1829
2017-09-11,41.0,55.0,48.0,609,1828
2017-09-12,42.0,58.0,50.0,609,1828
2017-09-13,43.0,56.0,50.0,609,1827
2017-09-14,43.0,59.0,51.0,610,1826
2017-09-15,42.0,60.0,51.0,610,1825
2017-09-16,42.0,60.0,51.0,610,1824
2017-09-17,45.0,64.0,55.0,610,1823
2017-09-18,42.0,60.0,51.0,610,1822
2017-09-19,39.0,57.0,48.0,611,1821
2017-09-20,38.0,50.0,44.0,611,1820
2017-09-21,39.0,53.0,46.0,611,1819
2017-09-22,37.0,50.0,44.0,611,1819
2017-09-23,39.0,54.0,47.0,611,1818
2017-09-24,35.0,54.0,45.0,612,1817
2017-09-25,39.0,56.0,48.0,612,1816
2017-09-26,37.0,56.0,47.0,612,1815
2017-09-27,39.0,58.0,49.0,612,1814
2017-09-28,40.0,60.0,50.0,612,1813
2017-09-29,41.0,60.0,51.0,613,1812
2017-09-30,36.0,51.0,44.0,613,1811
2017-10-01,37.0,53.0,45.0,613,1811
2017-10-02,38.0,54.0,46.0,613,1810
2017-10-03,39.0,56.0,48.0,614,1809
2017-10-04,40.0,60.0,50.0,614,1808
2017-10-05,42.0,60.0,51.0,614,1807
2017-10-06,43.0,58.0,51.0,614,1806
2017-10-07,41.0,55.0,48.0,615,1805
2017-10-08,42.0,58.0,50.0,615,1805
2017-10-09,48.0,59.0,54.0,615,1804
2017-10-10,44.0,59.0,52.0,615,1803
2017-10-11,44.0,57.0,51.0,616,1802
2017-10-12,41.0,57.0,49.0,616,1801
2017-10-13,39.0,53.0,46.0,616,1801
2017-10-14,37.0,54.0,46.0,616,1800
2017-10-15,39.0,51.0,45.0,617,1759
2017-10-16,38.0,57.0,48.0,617,1758
2017-10-17,40.0,57.0,49.0,617,1758
2017-10-18,44.0,60.0,52.0,618,1757
2017-10-19,42.0,59.0,51.0,618,1756
2017-10-20,39.0,54.0,47.0,618,1755
2017-10-21,39.0,57.0,48.0,619,1755
2017-10-22,38.0,53.0,46.0,619,1754
2017-10-23,38.0,55.0,47.0,620,1753
2017-10-24,44.0,54.0,49.0,620,1753
2017-10-25,44.0,52.0,48.0,620,1752
2017-10-26,42.0,60.0,51.0,621,1752
2017-10-27,40.0,60.0,50.0,621,1751
2017-10-28,42.0,59.0,51.0,622,1750
2017-10-29,40.0,55.0,48.0,622,1750
2017-10-30,39.0,53.0,46.0,622,1749
2017-10-31,37.0,51.0,44.0,623,1749
2017-11-01,37.0,54.0,46.0,623,1748
2017-11-02,37.0,56.0,47.0,624,1748
2017-11-03,41.0,57.0,49.0,624,1747
2017-11-04,41.0,55.0,48.0,625,1747
2017-11-05,41.0,58.0,50.0,625,1746
2017-11-06,44.0,61.0,53.0,626,1746
2017-11-07,42.0,62.0,52.0,626,1746
2017-11-08,42.0,60.0,51.0,627,1745
2017-11-09,40.0,58.0,49.0,627,1745
2017-11-10,39.0,57.0,48.0,628,1745
2017-11-11,39.0,53.0,46.0,628,1744
2017-11-12,36.0,47.0,42.0,629,1744
2017-11-13,35.0,49.0,42.0,629,1744
2017-11-14,36.0,50.0,43.0,630,1743
2017-11-15,36.0,50.0,43.0,630,1743
2017-11-16,34.0,48.0,41.0,631,1743
2017-11-17,35.0,51.0,43.0,632,1743
2017-11-18,36.0,50.0,43.0,632,1743
2017-11-19,36.0,47.0,42.0,633,1743
2017-11-20,34.0,50.0,42.0,633,1742
2017-11-21,34.0,48.0,41.0,634,1742
2017-11-22,33.0,48.0,41.0,635,1742
2017-11-23,31.0,47.0,39.0,635,1742
2017-11-24,35.0,50.0,43.0,636,1742
2017-11-25,33.0,47.0,40.0,636,1742
2017-11-26,33.0,48.0,41.0,637,1742
2017-11-27,35.0,45.0,40.0,638,1742
2017-11-28,40.0,47.0,44.0,638,1742
2017-11-29,39.0,49.0,44.0,639,1742
2017-11-30,39.0,47.0,43.0,640,1742
2017-12-01,39.0,49.0,44.0,640,1743
2017-12-02,34.0,46.0,40.0,641,1743
2017-12-03,35.0,50.0,43.0,641,1743
2017-12-04,36.0,53.0,45.0,642,1743
2017-12-05,32.0,49.0,41.0,643,1743
2017-12-06,33.0,47.0,40.0,643,1743
2017-12-07,34.0,50.0,42.0,644,1744
2017-12-08,33.0,53.0,43.0,645,1744
2017-12-09,37.0,58.0,48.0,645,1744
2017-12-10,35.0,52.0,44.0,646,1745
2017-12-11,34.0,54.0,44.0,646,1745
2017-12-12,35.0,56.0,46.0,647,1745
2017-12-13,32.0,45.0,39.0,648,1746
2017-12-14,30.0,45.0,38.0,648,1746
2017-12-15,31.0,44.0,38.0,649,1746
2017-12-16,32.0,49.0,41.0,649,1747
2017-12-17,36.0,52.0,44.0,650,1747
2017-12-18,36.0,49.0,43.0,650,1748
2017-12-19,35.0,43.0,39.0,651,1748
2017-12-20,33.0,38.0,36.0,651,1749
2017-12-21,32.0,39.0,36.0,652,1749
2017-12-22,31.0,49.0,40.0,652,1750
2017-12-23,36.0,50.0,43.0,653,1750
2017-12-24,36.0,54.0,45.0,653,1751
2017-12-25,34.0,50.0,42.0,654,1751
2017-12-26,35.0,53.0,44.0,654,1752
2017-12-27,37.0,53.0,45.0,655,1752
2017-12-28,36.0,49.0,43.0,655,1753
2017-12-29,33.0,52.0,43.0,655,1753
2017-12-30,36.0,52.0,44.0,656,1754
2017-12-31,34.0,54.0,44.0,656,1755
2018-01-01,35.0,52.0,44.0,657,1756
2018-01-02,32.0,56.0,44.0,657,1756
2018-01-03,35.0,49.0,42.0,657,1757
2018-01-04,39.0,55.0,47.0,658,1757
2018-01-05,38.0,55.0,47.0,658,1758
2018-01-06,39.0,58.0,49.0,658,1759
2018-01-07,38.0,54.0,46.0,658,1759
2018-01-08,40.0,53.0,47.0,659,1800
2018-01-09,34.0,50.0,42.0,659,1801
2018-01-10,31.0,47.0,39.0,659,1801
2018-01-11,31.0,46.0,39.0,659,1802
2018-01-12,32.0,52.0,42.0,659,1803
2018-01-13,37.0,53.0,45.0,659,1803
2018-01-14,37.0,54.0,46.0,659,1804
2018-01-15,36.0,54.0,45.0,659,1804
2018-01-16,38.0,55.0,47.0,700,1805
2018-01-17,37.0,57.0,47.0,700,1806
2018-01-18,36.0,54.0,45.0,700,1806
2018-01-19,37.0,54.0,46.0,700,1807
2018-01-20,33.0,50.0,42.0,659,1808
2018-01-21,34.0,48.0,41.0,659,1808
2018-01-22,33.0,48.0,41.0,659,1809
2018-01-23,33.0,47.0,40.0,659,1810
2018-01-24,34.0,47.0,41.0,659,1810
2018-01-25,34.0,46.0,40.0,659,1811
2018-01-26,34.0,43.0,39.0,659,1811
2018-01-27,35.0,43.0,39.0,659,1812
2018-01-28,33.0,43.0,38.0,658,1813
2018-01-29,31.0,46.0,39.0,658,1813
2018-01-30,34.0,50.0,42.0,658,1814
2018-01-31,33.0,46.0,40.0,658,1814
2018-02-01,35.0,51.0,43.0,657,1815
2018-02-02,37.0,50.0,44.0,657,1816
2018-02-03,37.0,50.0,44.0,657,1816
2018-02-04,34.0,49.0,42.0,656,1817
2018-02-05,32.0,48.0,40.0,656,1817
2018-02-06,31.0,41.0,36.0,655,1818
2018-02-07,28.0,42.0,35.0,655,1818
2018-02-08,30.0,45.0,38.0,655,1819
2018-02-09,29.0,45.0,37.0,654,1819
2018-02-10,31.0,46.0,39.0,654,1820
2018-02-11,35.0,49.0,42.0,653,1820
2018-02-12,36.0,52.0,44.0,653,1821
2018-02-13,40.0,55.0,48.0,652,1821
2018-02-14,41.0,55.0,48.0,652,1822
2018-02-15,39.0,56.0,48.0,651,1822
2018-02-16,38.0,55.0,47.0,651,1823
2018-02-17,34.0,42.0,38.0,650,1823
2018-02-18,33.0,47.0,40.0,649,1823
2018-02-19,31.0,43.0,37.0,649,1824
2018-02-20,31.0,47.0,39.0,648,1824
2018-02-21,38.0,43.0,41.0,647,1825
2018-02-22,35.0,41.0,38.0,647,1825
2018-02-23,35.0,45.0,40.0,646,1825
2018-02-24,37.0,49.0,43.0,646,1826
2018-02-25,38.0,46.0,42.0,645,1826
2018-02-26,37.0,49.0,43.0,644,1827
2018-02-27,36.0,51.0,44.0,643,1827
2018-02-28,39.0,56.0,48.0,643,1827
2018-03-01,40.0,53.0,47.0,642,1828
2018-03-02,40.0,54.0,47.0,641,1828
2018-03-03,40.0,52.0,46.0,640,1828
2018-03-04,38.0,54.0,46.0,640,1829
2018-03-05,34.0,46.0,40.0,639,1829
2018-03-06,31.0,46.0,39.0,638,1829
2018-03-07,30.0,44.0,37.0,637,1830
2018-03-08,31.0,44.0,38.0,637,1830
2018-03-09,33.0,46.0,40.0,636,1830
2018-03-10,35.0,49.0,42.0,635,1831
2018-03-11,35.0,52.0,44.0,634,1831
2018-03-12,39.0,44.0,42.0,633,1831
2018-03-13,38.0,44.0,41.0,632,1832
2018-03-14,39.0,48.0,44.0,632,1832
2018-03-15,36.0,47.0,42.0,631,1832
2018-03-16,36.0,47.0,42.0,630,1832
2018-03-17,38.0,49.0,44.0,629,1833
2018-03-18,36.0,52.0,44.0,628,1833
2018-03-19,35.0,48.0,42.0,627,1833
2018-03-20,35.0,45.0,40.0,626,1833
2018-03-21,37.0,46.0,42.0,626,1834
2018-03-22,36.0,45.0,41.0,625,1834
2018-03-23,38.0,50.0,44.0,624,1834
2018-03-24,33.0,42.0,38.0,623,1834
2018-03-25,35.0,49.0,42.0,622,1835
2018-03-26,34.0,45.0,40.0,621,1835
2018-03-27,33.0,53.0,43.0,620,1835
2018-03-28,35.0,55.0,45.0,620,1835
2018-03-29,35.0,52.0,44.0,619,1836
2018-03-30,33.0,53.0,43.0,618,1836
2018-03-31,34.0,47.0,41.0,617,1836
2018-04-01,34.0,52.0,43.0,616,1836
2018-04-02,41.0,53.0,47.0,615,1837
2018-04-03,41.0,51.0,46.0,614,1837
2018-04-04,44.0,58.0,51.0,614,1837
2018-04-05,42.0,55.0,49.0,613,1838
2018-04-06,41.0,54.0,48.0,612,1838
2018-04-07,40.0,48.0,44.0,611,1838
2018-04-08,38.0,50.0,44.0,610,1838
2018-04-09,39.0,47.0,43.0,610,1839
2018-04-10,39.0,53.0,46.0,609,1839
2018-04-11,37.0,54.0,46.0,608,1839
2018-04-12,37.0,53.0,45.0,607,1839
2018-04-13,34.0,49.0,42.0,606,1840
2018-04-14,34.0,51.0,43.0,606,1840
2018-04-15,35.0,47.0,41.0,605,1840
2018-04-16,39.0,49.0,44.0,604,1841
2018-04-17,37.0,53.0,45.0,603,1841
2018-04-18,38.0,57.0,48.0,602,1841
2018-04-19,37.0,49.0,43.0,602,1841
2018-04-20,35.0,42.0,39.0,601,1842
2018-04-21,37.0,51.0,44.0,600,1842
2018-04-22,37.0,58.0,48.0,600,1842
2018-04-23,40.0,60.0,50.0,559,1843
2018-04-24,38.0,56.0,47.0,558,1843
2018-04-25,35.0,50.0,43.0,558,1843
2018-04-26,37.0,51.0,44.0,557,1844
2018-04-27,37.0,53.0,45.0,556,1844
2018-04-28,38.0,53.0,46.0,556,1844
2018-04-29,40.0,59.0,50.0,555,1845
2018-04-30,43.0,53.0,48.0,554,1845
2018-05-01,43.0,54.0,49.0,554,1845
2018-05-02,42.0,50.0,46.0,553,1846
2018-05-03,41.0,54.0,48.0,553,1846
2018-05-04,38.0,54.0,46.0,552,1846
2018-05-05,38.0,57.0,48.0,552,1847
2018-05-06,42.0,54.0,48.0,551,1847
2018-05-07,42.0,55.0,49.0,550,1847
2018-05-08,42.0,55.0,49.0,550,1848
2018-05-09,42.0,57.0,50.0,550,1848
2018-05-10,41.0,55.0,48.0,549,1849
2018-05-11,37.0,54.0,46.0,549,1849
2018-05-12,36.0,54.0,45.0,548,1849
2018-05-13,34.0,53.0,44.0,548,1850
2018-05-14,36.0,52.0,44.0,547,1850
2018-05-15,39.0,52.0,46.0,547,1851
2018-05-16,36.0,52.0,44.0,547,1851
2018-05-17,38.0,50.0,44.0,546,1851
2018-05-18,37.0,54.0,46.0,546,1852
2018-05-19,41.0,59.0,50.0,546,1852
2018-05-20,40.0,59.0,50.0,545,1853
2018-05-21,42.0,55.0,49.0,545,1853
2018-05-22,41.0,59.0,50.0,545,1853
2018-05-23,43.0,61.0,52.0,545,1854
2018-05-24,46.0,66.0,56.0,544,1854
2018-05-25,47.0,62.0,55.0,544,1855
2018-05-26,47.0,64.0,56.0,544,1855
2018-05-27,45.0,60.0,53.0,544,1855
2018-05-28,41.0,58.0,50.0,544,1856
2018-05-29,44.0,50.0,47.0,543,1856
2018-05-30,43.0,60.0,52.0,543,1856
2018-05-31,45.0,65.0,55.0,543,1857
2018-06-01,47.0,58.0,53.0,543,1857
2018-06-02,45.0,63.0,54.0,543,1858
2018-06-03,46.0,65.0,56.0,543,1858
2018-06-04,46.0,64.0,55.0,543,1858
2018-06-05,44.0,59.0,52.0,543,1859
2018-06-06,39.0,53.0,46.0,543,1859
2018-06-07,40.0,57.0,49.0,543,1859
2018-06-08,38.0,56.0,47.0,543,1900
2018-06-09,41.0,59.0,50.0,543,1900
2018-06-10,40.0,57.0,49.0,543,1900
2018-06-11,39.0,57.0,48.0,543,1901
2018-06-12,38.0,52.0,45.0,543,1901
2018-06-13,39.0,53.0,46.0,543,1901
2018-06-14,38.0,55.0,47.0,544,1902
2018-06-15,40.0,53.0,47.0,544,1902
2018-06-16,37.0,55.0,46.0,544,1902
2018-06-17,43.0,59.0,51.0,544,1902
2018-06-18,44.0,58.0,51.0,544,1903
2018-06-19,42.0,59.0,51.0,544,1903
2018-06-20,45.0,61.0,53.0,545,1903
2018-06-21,44.0,59.0,52.0,545,1903
2018-06-22,44.0,60.0,52.0,545,1904
2018-06-23,44.0,61.0,53.0,545,1904
2018-06-24,42.0,60.0,51.0,545,1904
2018-06-25,40.0,57.0,49.0,546,1904
2018-06-26,40.0,57.0,49.0,546,1904
2018-06-27,39.0,60.0,50.0,546,1904
2018-06-28,42.0,60.0,51.0,546,1905
2018-06-29,39.0,55.0,47.0,547,1905
2018-06-30,41.0,58.0,50.0,547,1905
2018-07-01,40.0,52.0,46.0,547,1905
2018-07-02,40.0,48.0,44.0,548,1905
2018-07-03,39.0,52.0,46.0,548,1905
2018-07-04,40.0,54.0,47.0,548,1905
2018-07-05,39.0,63.0,51.0,549,1905
2018-07-06,41.0,60.0,51.0,549,1905
2018-07-07,39.0,55.0,47.0,549,1905
2018-07-08,39.0,53.0,46.0,550,1905
2018-07-09,36.0,50.0,43.0,550,1905
2018-07-10,37.0,56.0,47.0,550,1905
2018-07-11,43.0,59.0,51.0,551,1905
2018-07-12,45.0,57.0,51.0,551,1905
2018-07-13,45.0,61.0,53.0,551,1904
2018-07-14,42.0,55.0,49.0,552,1904
2018-07-15,42.0,54.0,48.0,552,1904
2018-07-16,41.0,63.0,52.0,553,1904
2018-07-17,44.0,62.0,53.0,553,1904
2018-07-18,42.0,59.0,51.0,553,1904
2018-07-19,41.0,58.0,50.0,554,1903
2018-07-20,40.0,59.0,50.0,554,1903
2018-07-21,45.0,61.0,53.0,554,1903
2018-07-22,44.0,63.0,54.0,555,1902
2018-07-23,45.0,61.0,53.0,555,1902
2018-07-24,43.0,58.0,51.0,556,1902
2018-07-25,42.0,57.0,50.0,556,1901
2018-07-26,43.0,56.0,50.0,556,1901
2018-07-27,43.0,59.0,51.0,557,1901
2018-07-28,44.0,61.0,53.0,557,1900
2018-07-29,47.0,58.0,53.0,557,1900
2018-07-30,42.0,55.0,49.0,558,1859
2018-07-31,40.0,59.0,50.0,558,1859
2018-08-01,40.0,60.0,50.0,558,1859
2018-08-02,38.0,56.0,47.0,559,1858
2018-08-03,40.0,57.0,49.0,559,1858
2018-08-04,41.0,61.0,51.0,559,1857
2018-08-05,45.0,65.0,55.0,600,1857
2018-08-06,46.0,65.0,56.0,600,1856
2018-08-07,46.0,64.0,55.0,600,1855
2018-08-08,44.0,54.0,49.0,601,1855
2018-08-09,45.0,58.0,52.0,601,1854
2018-08-10,41.0,56.0,49.0,601,1854
2018-08-11,40.0,57.0,49.0,602,1853
2018-08-12,40.0,60.0,50.0,602,1852
2018-08-13,42.0,58.0,50.0,602,1852
2018-08-14,39.0,55.0,47.0,603,1851
2018-08-15,40.0,55.0,48.0,603,1850
2018-08-16,40.0,53.0,47.0,603,1850
2018-08-17,40.0,54.0,47.0,603,1849
2018-08-18,41.0,60.0,51.0,604,1848
2018-08-19,41.0,58.0,50.0,604,1848
2018-08-20,41.0,58.0,50.0,604,1847
2018-08-21,41.0,58.0,50.0,604,1846
2018-08-22,42.0,51.0,47.0,605,1845
2018-08-23,44.0,48.0,46.0,605,1845
2018-08-24,45.0,54.0,50.0,605,1844
2018-08-25,44.0,55.0,50.0,605,1843
2018-08-26,43.0,49.0,46.0,606,1842
2018-08-27,42.0,49.0,46.0,606,1841
2018-08-28,40.0,50.0,45.0,606,1841
2018-08-29,42.0,54.0,48.0,606,1840
2018-08-30,40.0,54.0,47.0,607,1839
2018-08-31,38.0,54.0,46.0,607,1838
2018-09-01,39.0,55.0,47.0,607,1837
2018-09-02,40.0,56.0,48.0,607,1836
2018-09-03,41.0,58.0,50.0,607,1836
2018-09-04,39.0,59.0,49.0,608,1835
2018-09-05,40.0,59.0,50.0,608,1834
2018-09-06,37.0,55.0,46.0,608,1833
2018-09-07,38.0,53.0,46.0,608,1832
2018-09-08,38.0,53.0,46.0,608,1831
2018-09-09,39.0,54.0,47.0,609,1830
2018-09-10,37.0,56.0,47.0,609,1829
2018-09-11,41.0,58.0,50.0,609,1828
2018-09-12,42.0,52.0,47.0,609,1828
2018-09-13,40.0,51.0,46.0,609,1827
2018-09-14,36.0,55.0,46.0,610,1826
2018-09-15,39.0,54.0,47.0,610,1825
2018-09-16,39.0,56.0,48.0,610,1824
2018-09-17,41.0,57.0,49.0,610,1823
2018-09-18,40.0,54.0,47.0,610,1822
2018-09-19,43.0,57.0,50.0,611,1821
2018-09-20,41.0,57.0,49.0,611,1820
2018-09-21,42.0,60.0,51.0,611,1819
2018-09-22,44.0,63.0,54.0,611,1819
2018-09-23,46.0,61.0,54.0,611,1818
2018-09-24,41.0,60.0,51.0,612,1817
2018-09-25,41.0,56.0,49.0,612,1816
2018-09-26,40.0,54.0,47.0,612,1815
2018-09-27,40.0,56.0,48.0,612,1814
2018-09-28,43.0,59.0,51.0,612,1813
2018-09-29,43.0,61.0,52.0,613,1812
2018-09-30,43.0,62.0,53.0,613,1811
2018-10-01,40.0,63.0,52.0,613,1811
2018-10-02,41.0,56.0,49.0,613,1810
2018-10-03,40.0,59.0,50.0,614,1809
2018-10-04,43.0,58.0,51.0,614,1808
2018-10-05,42.0,56.0,49.0,614,1807
2018-10-06,40.0,51.0,46.0,614,1806
2018-10-07,42.0,51.0,47.0,615,1805
2018-10-08,42.0,52.0,47.0,615,1805
2018-10-09,40.0,52.0,46.0,615,1804
2018-10-10,39.0,51.0,45.0,615,1803
2018-10-11,39.0,53.0,46.0,616,1802
2018-10-12,38.0,54.0,46.0,616,1801
2018-10-13,41.0,54.0,48.0,616,1801
2018-10-14,39.0,56.0,48.0,616,1800
2018-10-15,38.0,52.0,45.0,617,1759
2018-10-16,40.0,55.0,48.0,617,1758
2018-10-17,37.0,52.0,45.0,617,1758
2018-10-18,37.0,51.0,44.0,618,1757
2018-10-20,38.0,48.0,43.0,618,1755
2018-10-21,36.0,47.0,42.0,619,1755
2018-10-22,35.0,52.0,44.0,619,1754
2018-10-23,37.0,52.0,45.0,620,1753
2018-10-24,40.0,54.0,47.0,620,1753
2018-10-25,38.0,56.0,47.0,620,1752
2018-10-26,37.0,53.0,45.0,621,1752
2018-10-27,38.0,52.0,45.0,621,1751
2018-10-28,41.0,52.0,47.0,622,1750
2018-10-29,38.0,53.0,46.0,622,1750
2018-10-30,44.0,53.0,49.0,622,1749
2018-10-31,43.0,55.0,49.0,623,1749
2018-11-01,41.0,57.0,49.0,623,1748
2018-11-02,35.0,52.0,44.0,624,1748
2018-11-03,34.0,46.0,40.0,624,1747
2018-11-04,33.0,46.0,40.0,625,1747
2018-11-05,35.0,51.0,43.0,625,1746
2018-11-06,32.0,48.0,40.0,626,1746
2018-11-07,35.0,48.0,42.0,626,1746
2018-11-08,33.0,51.0,42.0,627,1745
2018-11-09,37.0,52.0,45.0,627,1745
2018-11-10,39.0,53.0,46.0,628,1745
2018-11-11,34.0,52.0,43.0,628,1744
2018-11-12,33.0,56.0,45.0,629,1744
2018-11-13,37.0,55.0,46.0,629,1744
2018-11-14,38.0,56.0,47.0,630,1743
2018-11-15,38.0,53.0,46.0,630,1743
2018-11-16,40.0,52.0,46.0,631,1743
2018-11-17,40.0,52.0,46.0,632,1743
2018-11-18,37.0,51.0,44.0,632,1743
2018-11-19,35.0,51.0,43.0,633,1743
2018-11-20,35.0,54.0,45.0,633,1742
2018-11-21,34.0,54.0,44.0,634,1742
2018-11-22,32.0,50.0,41.0,635,1742
2018-11-23,33.0,51.0,42.0,635,1742
2018-11-24,41.0,54.0,48.0,636,1742
2018-11-25,38.0,57.0,48.0,636,1742
2018-11-26,41.0,56.0,49.0,637,1742
2018-11-27,40.0,57.0,49.0,638,1742
2018-11-28,42.0,56.0,49.0,638,1742
2018-11-29,38.0,57.0,48.0,639,1742
2018-11-30,38.0,52.0,45.0,640,1742
2018-12-01,36.0,52.0,44.0,640,1743
2018-12-02,33.0,51.0,42.0,641,1743
2018-12-03,36.0,53.0,45.0,641,1743
2018-12-04,39.0,56.0,48.0,642,1743
2018-12-05,36.0,53.0,45.0,643,1743
2018-12-06,36.0,52.0,44.0,643,1743
2018-12-07,37.0,53.0,45.0,644,1744
2018-12-08,34.0,53.0,44.0,645,1744
2018-12-09,36.0,53.0,45.0,645,1744
2018-12-10,36.0,55.0,46.0,646,1745
2018-12-11,38.0,56.0,47.0,646,1745
2018-12-12,39.0,54.0,47.0,647,1745
2018-12-13,36.0,54.0,45.0,648,1746
2018-12-14,36.0,56.0,46.0,648,1746
2018-12-15,40.0,53.0,47.0,649,1746
2018-12-16,40.0,57.0,49.0,649,1747
2018-12-17,42.0,60.0,51.0,650,1747
2018-12-18,35.0,51.0,43.0,650,1748
2018-12-19,32.0,51.0,42.0,651,1748
2018-12-20,37.0,58.0,48.0,651,1749
2018-12-21,42.0,57.0,50.0,652,1749
2018-12-22,40.0,54.0,47.0,652,1750
2018-12-23,39.0,55.0,47.0,653,1750
2018-12-24,36.0,52.0,44.0,653,1751
2018-12-25,36.0,48.0,42.0,654,1751
2018-12-26,35.0,45.0,40.0,654,1752
2018-12-27,33.0,44.0,39.0,655,1752
2018-12-28,33.0,47.0,40.0,655,1753
2018-12-29,36.0,47.0,42.0,655,1753
2018-12-30,39.0,52.0,46.0,656,1754
